{"id":44154,"object":"group","created":"2019-10-21T08:58:12.295041419-07:00","updated":"2021-06-29T15:03:06.83495799-07:00","type":"group_type_messages","title":"Ethereum OASIS Notifications","name":"open-projects+ethereum-oasis","nice_group_name":"","alias":"","desc":"\u003cdiv\u003eThis group was for occasional official notifications about the Ethereum OASIS Open Project and discussion of related topics. As of June 29, 2021, the Open Project has become \u003ca href=\"https://entethalliance.org/EEACommunityProjects\" target=\"_blank\" rel=\"noopener\"\u003eEEA Community Projects\u003c/a\u003e, an OASIS Managed Open Project. As part of this transformation, this group is closed. \u003ca href=\"https://lists.oasis-open-projects.org/g/ethereum-oasis/topics\" target=\"_blank\" rel=\"noopener\"\u003eIts archives remain publicly visible\u003c/a\u003e.\u003c/div\u003e\r\n\u003cdiv\u003e\u0026nbsp;\u003c/div\u003e\r\n\u003cdiv\u003e\u0026nbsp;\u003c/div\u003e\r\n\u003cdiv\u003eTo follow the work of EEA Community Projects, you may subscribe to the \u003ca href=\"https://lists.oasis-open-projects.org/g/eea-community-projects\" target=\"_blank\" rel=\"noopener\"\u003eEEA Community Projects\u003c/a\u003e\u0026nbsp;or go to the \u003ca href=\"https://github.com/eea-oasis\" target=\"_blank\" rel=\"noopener\"\u003eEEA Community Projects GitHub\u003c/a\u003e.\u003c/div\u003e\r\n\u003cdiv\u003e\u0026nbsp;\u003c/div\u003e","plain_desc":"This group was for occasional official notifications about the Ethereum OASIS Open Project and discussion of related topics. As of June 29, 2021, the Open Project has become EEA Community Projects, an OASIS Managed Open Project. As part of this transformation, this group is closed. Its archives remain publicly visible.\n\n \n\n \n\nTo follow the work of EEA Community Projects, you may subscribe to the EEA Community Projects or go to the EEA Community Projects GitHub.","subject_tag":"[eth]","footer":"----------------\r\nThis is a general-purpose mailing list for the Ethereum-OASIS Open Project (https://github.com/ethereum-oasis/oasis-open-project). All are welcome to subscribe. \r\n\r\nSend mail to communications@oais-open.org for information on becoming an Ethereum-OASIS Sponsor or participating in its projects.","website":"https://github.com/ethereum-oasis/","announce":false,"moderation":"moderated","new_users_moderated":true,"unmoderate_users_after":2,"restricted":false,"allow_non_subs_to_post":true,"force_html_emails":false,"normalize_html_emails":false,"reply_to":"group_reply_to_moderators","remove_other_reply_options":false,"privacy":"sub_group_privacy_none","seperate_footers":false,"allow_downloads":"allow_downloads_no","members_visible":"group_view_members_moderators","subgroup_access":"sub_group_subs","calendar_access":"group_access_limited","files_access":"group_access_limited","database_access":"group_access_none","wiki_access":"group_access_none","photos_access":"group_access_limited","member_directory_access":"group_access_limited","polls_access":"polls_access_limited","chat_access":"group_access_none","handle_attachments":"group_attachments_normal","plain_text_only":false,"handle_virus":"handle_virus_block","locked":true,"plan":"group_plan_enterprise","trial_group":false,"has_cover_photo":true,"has_icon":true,"parent_group_id":34848,"org_id":71,"max_photo_size_email":"max_photo_size_none","max_photo_size_photos":"max_photo_size_none","max_photo_size_databases":"max_photo_size_none","max_photo_size_wiki_images":"max_photo_size_none","hash_tags_required":false,"hash_tag_permissions":"hash_tag_create_subs","bounce_attachments":false,"allow_photos_in_files":false,"allow_reposts":false,"min_days_between_reposts":0,"max_number_of_reposts":0,"email_delivery_default":"email_delivery_single","message_selection_default":"message_selection_all","auto_follow_replies_default":false,"max_attachment_size_default":"max_attachment_size_unlimited","default_timezone":"America/Los_Angeles","default_time_pref":"standard_time","default_date_pref":"us_date","default_monday_start":false,"disable_edits":false,"disable_no_email":false,"auto_close_threads":false,"close_threads_after":0,"auto_moderate_threads":false,"moderate_threads_after":0,"sticky_wiki_page_id":0,"subgroupcategoryid":0,"subs_count":17,"open_chats_count":0,"threads_count":8,"messages_count":8,"org_domain":"","most_recent_message":"2021-06-29T14:59:37.687143168-07:00","cover_photo_url":"","icon_url":"","group_url":"","allow_parent_subs_to_post":false,"send_event_summaries":false,"event_summary_schedule":"event_summary_weekly_friday","send_invites_on_join":true,"email_address":"ethereum-oasis@lists.oasis-open-projects.org"}
