[{"id":4533116,"object":"member_info","created":"2019-10-21T09:13:16.918828013-07:00","updated":"2020-02-13T12:22:37.840868571-08:00","user_id":1848276,"group_id":44154,"group_name":"open-projects+ethereum-oasis","status":"sub_status_normal","post_status":"sub_poststatus_normal","email_delivery":"email_delivery_single","message_selection":"message_selection_all","auto_follow_replies":false,"max_attachment_size":"max_attachment_size_unlimited","approved_posts":0,"mod_status":"sub_modstatus_owner","pending_msg_notify":"sub_notify_email_and_app","pending_sub_notify":"sub_notify_email_and_app","sub_notify":"sub_notify_email_and_app","storage_notify":"sub_notify_email_and_app","sub_group_notify":"sub_notify_email_and_app","message_report_notify":"sub_notify_email_and_app","mod_permissions":"sub_perm_pendingmsg,sub_perm_pendingmembers,sub_perm_invitemembers,sub_perm_removemembers,sub_perm_banmembers,sub_perm_makemoderator,sub_perm_managehashtags,sub_perm_groupsettings,sub_perm_modsub,sub_perm_integrations,sub_perm_editarchives,sub_perm_billing,sub_perm_managesubgroups,sub_perm_viewmembers,sub_perm_managepaidsubscriptions","owner_msg_notify":"sub_ownermsg_notify_subs","chat_notify":"sub_notify_email_and_app","photo_notify":"sub_notify_email_and_app","file_notify":"sub_notify_email_and_app","wiki_notify":"sub_notify_email_and_app","database_notify":"sub_notify_email_and_app","email":"carol.geyer@oasis-open.org","user_status":"user_status_confirmed","user_name":"carol.geyer","timezone":"America/New_York","full_name":"Carol Geyer","about_me":"","location":"Sarasota, Florida, USA","website":"oasis-open-projects.org","profile_photo_url":"https://s3-us-west-1.amazonaws.com/groupsiotestprofilephotos/profilephoto.1848276?AWSAccessKeyId=AKIAJECNKOVMCCU3ATNQ\u0026Expires=1625076805\u0026Signature=8VhxvneFZ%2B5aDzhmhERB5W6KRAk%3D","profile_privacy":"profile_private","dont_munge_message_id":false,"use_signature":false,"use_signature_email":false,"signature":"","moderator_notes":"","moderator_notes_updated":"1969-12-31T16:00:00-08:00","cover_photo_url":"","icon_url":"","nice_group_name":"","subs_count":0,"most_recent_message":"0001-01-01T00:00:00Z","perms":{"object":"perms","archives_visible":true,"polls_visible":true,"members_visible":true,"chat_visible":true,"calendar_visible":true,"files_visible":true,"database_visible":true,"photos_visible":true,"wiki_visible":true,"member_directory_visible":true,"hashtags_visible":true,"guidelines_visible":true,"subgroups_visible":true,"open_donations_visible":true,"sponsor_visible":true,"manage_subgroups":true,"delete_group":true,"download_archives":true,"download_entire_group":true,"download_members":true,"view_activity":true,"create_hashtags":true,"manage_hashtags":true,"manage_integrations":true,"manage_group_settings":true,"make_moderator":true,"manage_member_subscription_options":true,"manage_pending_members":true,"remove_members":true,"ban_members":true,"manage_group_billing":true,"manage_group_payments":true,"edit_archives":true,"manage_pending_messages":true,"invite_members":true,"can_post":true,"can_vote":true,"manage_polls":true,"manage_photos":true,"manage_members":true,"manage_calendar":true,"manage_chats":true,"view_member_directory":true,"manage_files":true,"manage_wiki":true,"manage_subscription":true,"public_page":true,"sub_page":true,"mod_page":true}},{"id":7800667,"object":"member_info","created":"2020-02-11T14:38:17.761372492-08:00","updated":"2020-02-13T12:22:22.098362967-08:00","user_id":4324945,"group_id":44154,"group_name":"open-projects+ethereum-oasis","status":"sub_status_normal","post_status":"sub_poststatus_normal","email_delivery":"email_delivery_single","message_selection":"message_selection_all","auto_follow_replies":false,"max_attachment_size":"max_attachment_size_unlimited","approved_posts":0,"mod_status":"sub_modstatus_moderator","pending_msg_notify":"sub_notify_email_and_app","pending_sub_notify":"sub_notify_email_and_app","sub_notify":"sub_notify_email_and_app","storage_notify":"sub_notify_email_and_app","sub_group_notify":"sub_notify_email_and_app","message_report_notify":"sub_notify_email_and_app","mod_permissions":"sub_perm_pendingmsg,sub_perm_managehashtags,sub_perm_modsub,sub_perm_integrations,sub_perm_viewmembers","owner_msg_notify":"sub_ownermsg_notify_subs","chat_notify":"sub_notify_email_and_app","photo_notify":"sub_notify_email_and_app","file_notify":"sub_notify_email_and_app","wiki_notify":"sub_notify_email_and_app","database_notify":"sub_notify_email_and_app","email":"Chaals@entethalliance.org","user_status":"user_status_confirmed","user_name":"","timezone":"America/Los_Angeles","full_name":"Chaals Nevile","about_me":"","location":"","website":"","profile_privacy":"profile_private","dont_munge_message_id":false,"use_signature":false,"use_signature_email":false,"signature":"","moderator_notes":"","moderator_notes_updated":"1969-12-31T16:00:00-08:00","cover_photo_url":"","icon_url":"","nice_group_name":"","subs_count":0,"most_recent_message":"0001-01-01T00:00:00Z","perms":{"object":"perms","archives_visible":true,"polls_visible":true,"members_visible":true,"chat_visible":true,"calendar_visible":true,"files_visible":true,"database_visible":true,"photos_visible":true,"wiki_visible":true,"member_directory_visible":true,"hashtags_visible":true,"guidelines_visible":true,"subgroups_visible":true,"open_donations_visible":true,"sponsor_visible":true,"manage_subgroups":true,"delete_group":true,"download_archives":true,"download_entire_group":true,"download_members":true,"view_activity":true,"create_hashtags":true,"manage_hashtags":true,"manage_integrations":true,"manage_group_settings":true,"make_moderator":true,"manage_member_subscription_options":true,"manage_pending_members":true,"remove_members":true,"ban_members":true,"manage_group_billing":true,"manage_group_payments":true,"edit_archives":true,"manage_pending_messages":true,"invite_members":true,"can_post":true,"can_vote":true,"manage_polls":true,"manage_photos":true,"manage_members":true,"manage_calendar":true,"manage_chats":true,"view_member_directory":true,"manage_files":true,"manage_wiki":true,"manage_subscription":true,"public_page":true,"sub_page":true,"mod_page":true}},{"id":4528500,"object":"member_info","created":"2019-10-21T08:58:12.299488947-07:00","updated":"2021-06-29T14:59:43.215814907-07:00","user_id":1835704,"group_id":44154,"group_name":"open-projects+ethereum-oasis","status":"sub_status_normal","post_status":"sub_poststatus_normal","email_delivery":"email_delivery_single","message_selection":"message_selection_all","auto_follow_replies":false,"max_attachment_size":"max_attachment_size_unlimited","approved_posts":0,"mod_status":"sub_modstatus_owner","pending_msg_notify":"sub_notify_email_and_app","pending_sub_notify":"sub_notify_email_and_app","sub_notify":"sub_notify_email_and_app","storage_notify":"sub_notify_email_and_app","sub_group_notify":"sub_notify_email_and_app","message_report_notify":"sub_notify_email_and_app","mod_permissions":"sub_perm_pendingmsg,sub_perm_pendingmembers,sub_perm_invitemembers,sub_perm_removemembers,sub_perm_banmembers,sub_perm_makemoderator,sub_perm_managehashtags,sub_perm_groupsettings,sub_perm_modsub,sub_perm_integrations,sub_perm_editarchives,sub_perm_billing,sub_perm_managesubgroups,sub_perm_viewmembers,sub_perm_managepaidsubscriptions","owner_msg_notify":"sub_ownermsg_notify_subs","chat_notify":"sub_notify_email_and_app","photo_notify":"sub_notify_email_and_app","file_notify":"sub_notify_email_and_app","wiki_notify":"sub_notify_email_and_app","database_notify":"sub_notify_email_and_app","email":"chet.ensign@oasis-open.org","user_status":"user_status_confirmed","user_name":"","timezone":"America/New_York","full_name":"Chet Ensign","about_me":"","location":"","website":"","profile_privacy":"profile_private","dont_munge_message_id":false,"use_signature":false,"use_signature_email":false,"signature":"","moderator_notes":"","moderator_notes_updated":"1969-12-31T16:00:00-08:00","cover_photo_url":"","icon_url":"","nice_group_name":"","subs_count":0,"most_recent_message":"0001-01-01T00:00:00Z","perms":{"object":"perms","archives_visible":true,"polls_visible":true,"members_visible":true,"chat_visible":true,"calendar_visible":true,"files_visible":true,"database_visible":true,"photos_visible":true,"wiki_visible":true,"member_directory_visible":true,"hashtags_visible":true,"guidelines_visible":true,"subgroups_visible":true,"open_donations_visible":true,"sponsor_visible":true,"manage_subgroups":true,"delete_group":true,"download_archives":true,"download_entire_group":true,"download_members":true,"view_activity":true,"create_hashtags":true,"manage_hashtags":true,"manage_integrations":true,"manage_group_settings":true,"make_moderator":true,"manage_member_subscription_options":true,"manage_pending_members":true,"remove_members":true,"ban_members":true,"manage_group_billing":true,"manage_group_payments":true,"edit_archives":true,"manage_pending_messages":true,"invite_members":true,"can_post":true,"can_vote":true,"manage_polls":true,"manage_photos":true,"manage_members":true,"manage_calendar":true,"manage_chats":true,"view_member_directory":true,"manage_files":true,"manage_wiki":true,"manage_subscription":true,"public_page":true,"sub_page":true,"mod_page":true}},{"id":10147892,"object":"member_info","created":"2021-03-29T13:17:14.132876474-07:00","updated":"2021-06-30T06:27:17.02498216-07:00","user_id":6007290,"group_id":44154,"group_name":"open-projects+ethereum-oasis","status":"sub_status_normal","post_status":"sub_poststatus_normal","email_delivery":"email_delivery_single","message_selection":"message_selection_all","auto_follow_replies":false,"max_attachment_size":"max_attachment_size_unlimited","approved_posts":0,"mod_status":"sub_modstatus_owner","pending_msg_notify":"sub_notify_email_and_app","pending_sub_notify":"sub_notify_email_and_app","sub_notify":"sub_notify_email_and_app","storage_notify":"sub_notify_email_and_app","sub_group_notify":"sub_notify_email_and_app","message_report_notify":"sub_notify_email_and_app","mod_permissions":"sub_perm_pendingmsg,sub_perm_pendingmembers,sub_perm_invitemembers,sub_perm_removemembers,sub_perm_banmembers,sub_perm_makemoderator,sub_perm_managehashtags,sub_perm_groupsettings,sub_perm_modsub,sub_perm_integrations,sub_perm_editarchives,sub_perm_billing,sub_perm_managesubgroups,sub_perm_viewmembers,sub_perm_managepaidsubscriptions","owner_msg_notify":"sub_ownermsg_notify_subs","chat_notify":"sub_notify_email_and_app","photo_notify":"sub_notify_email_and_app","file_notify":"sub_notify_email_and_app","wiki_notify":"sub_notify_email_and_app","database_notify":"sub_notify_email_and_app","email":"claudia.rauch@oasis-open.org","user_status":"user_status_confirmed","user_name":"claurau","timezone":"America/New_York","full_name":"Claudia Rauch","about_me":"","location":"","website":"","profile_photo_url":"https://s3-us-west-1.amazonaws.com/groupsiotestprofilephotos/profilephoto.6007290?AWSAccessKeyId=AKIAJECNKOVMCCU3ATNQ\u0026Expires=1625076805\u0026Signature=FR4oeqosnmFY9t%2BJXzOYHdXuI9o%3D","profile_privacy":"profile_private","dont_munge_message_id":false,"use_signature":false,"use_signature_email":false,"signature":"","moderator_notes":"","moderator_notes_updated":"1969-12-31T16:00:00-08:00","cover_photo_url":"","icon_url":"","nice_group_name":"","subs_count":0,"most_recent_message":"0001-01-01T00:00:00Z","perms":{"object":"perms","archives_visible":true,"polls_visible":true,"members_visible":true,"chat_visible":true,"calendar_visible":true,"files_visible":true,"database_visible":true,"photos_visible":true,"wiki_visible":true,"member_directory_visible":true,"hashtags_visible":true,"guidelines_visible":true,"subgroups_visible":true,"open_donations_visible":true,"sponsor_visible":true,"manage_subgroups":true,"delete_group":true,"download_archives":true,"download_entire_group":true,"download_members":true,"view_activity":true,"create_hashtags":true,"manage_hashtags":true,"manage_integrations":true,"manage_group_settings":true,"make_moderator":true,"manage_member_subscription_options":true,"manage_pending_members":true,"remove_members":true,"ban_members":true,"manage_group_billing":true,"manage_group_payments":true,"edit_archives":true,"manage_pending_messages":true,"invite_members":true,"can_post":true,"can_vote":true,"manage_polls":true,"manage_photos":true,"manage_members":true,"manage_calendar":true,"manage_chats":true,"view_member_directory":true,"manage_files":true,"manage_wiki":true,"manage_subscription":true,"public_page":true,"sub_page":true,"mod_page":true}},{"id":7800767,"object":"member_info","created":"2020-02-11T14:52:56.470351082-08:00","updated":"2020-07-31T15:18:21.035364731-07:00","user_id":1820646,"group_id":44154,"group_name":"open-projects+ethereum-oasis","status":"sub_status_normal","post_status":"sub_poststatus_normal","email_delivery":"email_delivery_single","message_selection":"message_selection_all","auto_follow_replies":false,"max_attachment_size":"max_attachment_size_unlimited","approved_posts":0,"mod_status":"sub_modstatus_moderator","pending_msg_notify":"sub_notify_email_and_app","pending_sub_notify":"sub_notify_email_and_app","sub_notify":"sub_notify_email_and_app","storage_notify":"sub_notify_email_and_app","sub_group_notify":"sub_notify_email_and_app","message_report_notify":"sub_notify_email_and_app","mod_permissions":"","owner_msg_notify":"sub_ownermsg_notify_subs","chat_notify":"sub_notify_email_and_app","photo_notify":"sub_notify_email_and_app","file_notify":"sub_notify_email_and_app","wiki_notify":"sub_notify_email_and_app","database_notify":"sub_notify_email_and_app","email":"daniel.burnett@consensys.net","user_status":"user_status_bounced","user_name":"","timezone":"America/Los_Angeles","full_name":"Dan Burnett","about_me":"","location":"","website":"","profile_privacy":"profile_private","dont_munge_message_id":false,"use_signature":false,"use_signature_email":false,"signature":"","moderator_notes":"","moderator_notes_updated":"1969-12-31T16:00:00-08:00","cover_photo_url":"","icon_url":"","nice_group_name":"","subs_count":0,"most_recent_message":"0001-01-01T00:00:00Z","perms":{"object":"perms","archives_visible":true,"polls_visible":true,"members_visible":true,"chat_visible":true,"calendar_visible":true,"files_visible":true,"database_visible":true,"photos_visible":true,"wiki_visible":true,"member_directory_visible":true,"hashtags_visible":true,"guidelines_visible":true,"subgroups_visible":true,"open_donations_visible":true,"sponsor_visible":true,"manage_subgroups":true,"delete_group":true,"download_archives":true,"download_entire_group":true,"download_members":true,"view_activity":true,"create_hashtags":true,"manage_hashtags":true,"manage_integrations":true,"manage_group_settings":true,"make_moderator":true,"manage_member_subscription_options":true,"manage_pending_members":true,"remove_members":true,"ban_members":true,"manage_group_billing":true,"manage_group_payments":true,"edit_archives":true,"manage_pending_messages":true,"invite_members":true,"can_post":true,"can_vote":true,"manage_polls":true,"manage_photos":true,"manage_members":true,"manage_calendar":true,"manage_chats":true,"view_member_directory":true,"manage_files":true,"manage_wiki":true,"manage_subscription":true,"public_page":true,"sub_page":true,"mod_page":true}},{"id":7942168,"object":"member_info","created":"2020-03-05T13:37:53.284578624-08:00","updated":"2020-06-17T10:52:09.313298583-07:00","user_id":4405630,"group_id":44154,"group_name":"open-projects+ethereum-oasis","status":"sub_status_normal","post_status":"sub_poststatus_newusermoderated","email_delivery":"email_delivery_single","message_selection":"message_selection_all","auto_follow_replies":false,"max_attachment_size":"max_attachment_size_unlimited","approved_posts":0,"mod_status":"sub_modstatus_none","pending_msg_notify":"sub_notify_email_and_app","pending_sub_notify":"sub_notify_email_and_app","sub_notify":"sub_notify_email_and_app","storage_notify":"sub_notify_email_and_app","sub_group_notify":"sub_notify_email_and_app","message_report_notify":"sub_notify_email_and_app","mod_permissions":"","owner_msg_notify":"sub_ownermsg_notify_subs","chat_notify":"sub_notify_email_and_app","photo_notify":"sub_notify_email_and_app","file_notify":"sub_notify_email_and_app","wiki_notify":"sub_notify_email_and_app","database_notify":"sub_notify_email_and_app","email":"david.guenther@protonmail.com","user_status":"user_status_confirmed","user_name":"","timezone":"America/Los_Angeles","full_name":"","about_me":"","location":"","website":"","profile_privacy":"profile_private","dont_munge_message_id":false,"use_signature":false,"use_signature_email":false,"signature":"","moderator_notes":"","moderator_notes_updated":"1969-12-31T16:00:00-08:00","cover_photo_url":"","icon_url":"","nice_group_name":"","subs_count":0,"most_recent_message":"0001-01-01T00:00:00Z","perms":{"object":"perms","archives_visible":true,"polls_visible":true,"members_visible":true,"chat_visible":true,"calendar_visible":true,"files_visible":true,"database_visible":true,"photos_visible":true,"wiki_visible":true,"member_directory_visible":true,"hashtags_visible":true,"guidelines_visible":true,"subgroups_visible":true,"open_donations_visible":true,"sponsor_visible":true,"manage_subgroups":true,"delete_group":true,"download_archives":true,"download_entire_group":true,"download_members":true,"view_activity":true,"create_hashtags":true,"manage_hashtags":true,"manage_integrations":true,"manage_group_settings":true,"make_moderator":true,"manage_member_subscription_options":true,"manage_pending_members":true,"remove_members":true,"ban_members":true,"manage_group_billing":true,"manage_group_payments":true,"edit_archives":true,"manage_pending_messages":true,"invite_members":true,"can_post":true,"can_vote":true,"manage_polls":true,"manage_photos":true,"manage_members":true,"manage_calendar":true,"manage_chats":true,"view_member_directory":true,"manage_files":true,"manage_wiki":true,"manage_subscription":true,"public_page":true,"sub_page":true,"mod_page":true}},{"id":7935072,"object":"member_info","created":"2020-03-04T15:18:42.323037658-08:00","updated":"2020-06-17T10:54:37.195869516-07:00","user_id":4401576,"group_id":44154,"group_name":"open-projects+ethereum-oasis","status":"sub_status_normal","post_status":"sub_poststatus_newusermoderated","email_delivery":"email_delivery_single","message_selection":"message_selection_all","auto_follow_replies":false,"max_attachment_size":"max_attachment_size_unlimited","approved_posts":0,"mod_status":"sub_modstatus_none","pending_msg_notify":"sub_notify_email_and_app","pending_sub_notify":"sub_notify_email_and_app","sub_notify":"sub_notify_email_and_app","storage_notify":"sub_notify_email_and_app","sub_group_notify":"sub_notify_email_and_app","message_report_notify":"sub_notify_email_and_app","mod_permissions":"","owner_msg_notify":"sub_ownermsg_notify_subs","chat_notify":"sub_notify_email_and_app","photo_notify":"sub_notify_email_and_app","file_notify":"sub_notify_email_and_app","wiki_notify":"sub_notify_email_and_app","database_notify":"sub_notify_email_and_app","email":"iamaaronpaz@gmail.com","user_status":"user_status_confirmed","user_name":"","timezone":"America/Los_Angeles","full_name":"Aaron Eugene Paz","about_me":"","location":"","website":"","profile_privacy":"profile_private","dont_munge_message_id":false,"use_signature":false,"use_signature_email":false,"signature":"","moderator_notes":"","moderator_notes_updated":"1969-12-31T16:00:00-08:00","cover_photo_url":"","icon_url":"","nice_group_name":"","subs_count":0,"most_recent_message":"0001-01-01T00:00:00Z","perms":{"object":"perms","archives_visible":true,"polls_visible":true,"members_visible":true,"chat_visible":true,"calendar_visible":true,"files_visible":true,"database_visible":true,"photos_visible":true,"wiki_visible":true,"member_directory_visible":true,"hashtags_visible":true,"guidelines_visible":true,"subgroups_visible":true,"open_donations_visible":true,"sponsor_visible":true,"manage_subgroups":true,"delete_group":true,"download_archives":true,"download_entire_group":true,"download_members":true,"view_activity":true,"create_hashtags":true,"manage_hashtags":true,"manage_integrations":true,"manage_group_settings":true,"make_moderator":true,"manage_member_subscription_options":true,"manage_pending_members":true,"remove_members":true,"ban_members":true,"manage_group_billing":true,"manage_group_payments":true,"edit_archives":true,"manage_pending_messages":true,"invite_members":true,"can_post":true,"can_vote":true,"manage_polls":true,"manage_photos":true,"manage_members":true,"manage_calendar":true,"manage_chats":true,"view_member_directory":true,"manage_files":true,"manage_wiki":true,"manage_subscription":true,"public_page":true,"sub_page":true,"mod_page":true}},{"id":8286644,"object":"member_info","created":"2020-05-06T13:57:53.103681533-07:00","updated":"2020-06-17T10:31:25.617984589-07:00","user_id":1972246,"group_id":44154,"group_name":"open-projects+ethereum-oasis","status":"sub_status_normal","post_status":"sub_poststatus_newusermoderated","email_delivery":"email_delivery_single","message_selection":"message_selection_all","auto_follow_replies":false,"max_attachment_size":"max_attachment_size_unlimited","approved_posts":0,"mod_status":"sub_modstatus_none","pending_msg_notify":"sub_notify_email_and_app","pending_sub_notify":"sub_notify_email_and_app","sub_notify":"sub_notify_email_and_app","storage_notify":"sub_notify_email_and_app","sub_group_notify":"sub_notify_email_and_app","message_report_notify":"sub_notify_email_and_app","mod_permissions":"","owner_msg_notify":"sub_ownermsg_notify_subs","chat_notify":"sub_notify_email_and_app","photo_notify":"sub_notify_email_and_app","file_notify":"sub_notify_email_and_app","wiki_notify":"sub_notify_email_and_app","database_notify":"sub_notify_email_and_app","email":"jharnad@oasis-open.org","user_status":"user_status_confirmed","user_name":"","timezone":"America/New_York","full_name":"Jane Harnad","about_me":"","location":"","website":"","profile_privacy":"profile_private","dont_munge_message_id":false,"use_signature":false,"use_signature_email":false,"signature":"","moderator_notes":"","moderator_notes_updated":"1969-12-31T16:00:00-08:00","cover_photo_url":"","icon_url":"","nice_group_name":"","subs_count":0,"most_recent_message":"0001-01-01T00:00:00Z","perms":{"object":"perms","archives_visible":true,"polls_visible":true,"members_visible":true,"chat_visible":true,"calendar_visible":true,"files_visible":true,"database_visible":true,"photos_visible":true,"wiki_visible":true,"member_directory_visible":true,"hashtags_visible":true,"guidelines_visible":true,"subgroups_visible":true,"open_donations_visible":true,"sponsor_visible":true,"manage_subgroups":true,"delete_group":true,"download_archives":true,"download_entire_group":true,"download_members":true,"view_activity":true,"create_hashtags":true,"manage_hashtags":true,"manage_integrations":true,"manage_group_settings":true,"make_moderator":true,"manage_member_subscription_options":true,"manage_pending_members":true,"remove_members":true,"ban_members":true,"manage_group_billing":true,"manage_group_payments":true,"edit_archives":true,"manage_pending_messages":true,"invite_members":true,"can_post":true,"can_vote":true,"manage_polls":true,"manage_photos":true,"manage_members":true,"manage_calendar":true,"manage_chats":true,"view_member_directory":true,"manage_files":true,"manage_wiki":true,"manage_subscription":true,"public_page":true,"sub_page":true,"mod_page":true}},{"id":8875055,"object":"member_info","created":"2020-09-17T16:06:10.410880962-07:00","updated":"2020-09-24T12:15:52.516921791-07:00","user_id":4990232,"group_id":44154,"group_name":"open-projects+ethereum-oasis","status":"sub_status_normal","post_status":"sub_poststatus_newusermoderated","email_delivery":"email_delivery_single","message_selection":"message_selection_all","auto_follow_replies":false,"max_attachment_size":"max_attachment_size_unlimited","approved_posts":0,"mod_status":"sub_modstatus_none","pending_msg_notify":"sub_notify_email_and_app","pending_sub_notify":"sub_notify_email_and_app","sub_notify":"sub_notify_email_and_app","storage_notify":"sub_notify_email_and_app","sub_group_notify":"sub_notify_email_and_app","message_report_notify":"sub_notify_email_and_app","mod_permissions":"","owner_msg_notify":"sub_ownermsg_notify_subs","chat_notify":"sub_notify_email_and_app","photo_notify":"sub_notify_email_and_app","file_notify":"sub_notify_email_and_app","wiki_notify":"sub_notify_email_and_app","database_notify":"sub_notify_email_and_app","email":"John.Wolpert@mesh.xyz","user_status":"user_status_confirmed","user_name":"","timezone":"America/Los_Angeles","full_name":"John Wolpert","about_me":"","location":"","website":"","profile_privacy":"profile_private","dont_munge_message_id":false,"use_signature":false,"use_signature_email":false,"signature":"","moderator_notes":"","moderator_notes_updated":"1969-12-31T16:00:00-08:00","cover_photo_url":"","icon_url":"","nice_group_name":"","subs_count":0,"most_recent_message":"0001-01-01T00:00:00Z","perms":{"object":"perms","archives_visible":true,"polls_visible":true,"members_visible":true,"chat_visible":true,"calendar_visible":true,"files_visible":true,"database_visible":true,"photos_visible":true,"wiki_visible":true,"member_directory_visible":true,"hashtags_visible":true,"guidelines_visible":true,"subgroups_visible":true,"open_donations_visible":true,"sponsor_visible":true,"manage_subgroups":true,"delete_group":true,"download_archives":true,"download_entire_group":true,"download_members":true,"view_activity":true,"create_hashtags":true,"manage_hashtags":true,"manage_integrations":true,"manage_group_settings":true,"make_moderator":true,"manage_member_subscription_options":true,"manage_pending_members":true,"remove_members":true,"ban_members":true,"manage_group_billing":true,"manage_group_payments":true,"edit_archives":true,"manage_pending_messages":true,"invite_members":true,"can_post":true,"can_vote":true,"manage_polls":true,"manage_photos":true,"manage_members":true,"manage_calendar":true,"manage_chats":true,"view_member_directory":true,"manage_files":true,"manage_wiki":true,"manage_subscription":true,"public_page":true,"sub_page":true,"mod_page":true}},{"id":4568123,"object":"member_info","created":"2019-10-22T07:17:14.549765921-07:00","updated":"2020-02-13T12:22:30.473944122-08:00","user_id":1868031,"group_id":44154,"group_name":"open-projects+ethereum-oasis","status":"sub_status_normal","post_status":"sub_poststatus_normal","email_delivery":"email_delivery_single","message_selection":"message_selection_all","auto_follow_replies":false,"max_attachment_size":"max_attachment_size_unlimited","approved_posts":0,"mod_status":"sub_modstatus_owner","pending_msg_notify":"sub_notify_email_and_app","pending_sub_notify":"sub_notify_email_and_app","sub_notify":"sub_notify_email_and_app","storage_notify":"sub_notify_email_and_app","sub_group_notify":"sub_notify_email_and_app","message_report_notify":"sub_notify_email_and_app","mod_permissions":"sub_perm_pendingmsg,sub_perm_pendingmembers,sub_perm_invitemembers,sub_perm_removemembers,sub_perm_banmembers,sub_perm_makemoderator,sub_perm_managehashtags,sub_perm_groupsettings,sub_perm_modsub,sub_perm_integrations,sub_perm_editarchives,sub_perm_billing,sub_perm_managesubgroups,sub_perm_viewmembers,sub_perm_managepaidsubscriptions","owner_msg_notify":"sub_ownermsg_notify_subs","chat_notify":"sub_notify_email_and_app","photo_notify":"sub_notify_email_and_app","file_notify":"sub_notify_email_and_app","wiki_notify":"sub_notify_email_and_app","database_notify":"sub_notify_email_and_app","email":"jory.burson@oasis-open.org","user_status":"user_status_confirmed","user_name":"","timezone":"America/New_York","full_name":"Jory Burson","about_me":"","location":"","website":"","profile_privacy":"profile_private","dont_munge_message_id":false,"use_signature":false,"use_signature_email":false,"signature":"","moderator_notes":"","moderator_notes_updated":"1969-12-31T16:00:00-08:00","cover_photo_url":"","icon_url":"","nice_group_name":"","subs_count":0,"most_recent_message":"0001-01-01T00:00:00Z","perms":{"object":"perms","archives_visible":true,"polls_visible":true,"members_visible":true,"chat_visible":true,"calendar_visible":true,"files_visible":true,"database_visible":true,"photos_visible":true,"wiki_visible":true,"member_directory_visible":true,"hashtags_visible":true,"guidelines_visible":true,"subgroups_visible":true,"open_donations_visible":true,"sponsor_visible":true,"manage_subgroups":true,"delete_group":true,"download_archives":true,"download_entire_group":true,"download_members":true,"view_activity":true,"create_hashtags":true,"manage_hashtags":true,"manage_integrations":true,"manage_group_settings":true,"make_moderator":true,"manage_member_subscription_options":true,"manage_pending_members":true,"remove_members":true,"ban_members":true,"manage_group_billing":true,"manage_group_payments":true,"edit_archives":true,"manage_pending_messages":true,"invite_members":true,"can_post":true,"can_vote":true,"manage_polls":true,"manage_photos":true,"manage_members":true,"manage_calendar":true,"manage_chats":true,"view_member_directory":true,"manage_files":true,"manage_wiki":true,"manage_subscription":true,"public_page":true,"sub_page":true,"mod_page":true}},{"id":8874009,"object":"member_info","created":"2020-09-17T10:58:15.726664836-07:00","updated":"2020-09-17T10:58:15.726664836-07:00","user_id":4989467,"group_id":44154,"group_name":"open-projects+ethereum-oasis","status":"sub_status_normal","post_status":"sub_poststatus_newusermoderated","email_delivery":"email_delivery_single","message_selection":"message_selection_all","auto_follow_replies":false,"max_attachment_size":"max_attachment_size_unlimited","approved_posts":0,"mod_status":"sub_modstatus_none","pending_msg_notify":"sub_notify_email_and_app","pending_sub_notify":"sub_notify_email_and_app","sub_notify":"sub_notify_email_and_app","storage_notify":"sub_notify_email_and_app","sub_group_notify":"sub_notify_email_and_app","message_report_notify":"sub_notify_email_and_app","mod_permissions":"","owner_msg_notify":"sub_ownermsg_notify_subs","chat_notify":"sub_notify_email_and_app","photo_notify":"sub_notify_email_and_app","file_notify":"sub_notify_email_and_app","wiki_notify":"sub_notify_email_and_app","database_notify":"sub_notify_email_and_app","email":"Nick.Kritikos@mesh.xyz","user_status":"user_status_confirmed","user_name":"","timezone":"America/Los_Angeles","full_name":"","about_me":"","location":"","website":"","profile_privacy":"profile_private","dont_munge_message_id":false,"use_signature":false,"use_signature_email":false,"signature":"","moderator_notes":"","moderator_notes_updated":"1969-12-31T16:00:00-08:00","cover_photo_url":"","icon_url":"","nice_group_name":"","subs_count":0,"most_recent_message":"0001-01-01T00:00:00Z","perms":{"object":"perms","archives_visible":true,"polls_visible":true,"members_visible":true,"chat_visible":true,"calendar_visible":true,"files_visible":true,"database_visible":true,"photos_visible":true,"wiki_visible":true,"member_directory_visible":true,"hashtags_visible":true,"guidelines_visible":true,"subgroups_visible":true,"open_donations_visible":true,"sponsor_visible":true,"manage_subgroups":true,"delete_group":true,"download_archives":true,"download_entire_group":true,"download_members":true,"view_activity":true,"create_hashtags":true,"manage_hashtags":true,"manage_integrations":true,"manage_group_settings":true,"make_moderator":true,"manage_member_subscription_options":true,"manage_pending_members":true,"remove_members":true,"ban_members":true,"manage_group_billing":true,"manage_group_payments":true,"edit_archives":true,"manage_pending_messages":true,"invite_members":true,"can_post":true,"can_vote":true,"manage_polls":true,"manage_photos":true,"manage_members":true,"manage_calendar":true,"manage_chats":true,"view_member_directory":true,"manage_files":true,"manage_wiki":true,"manage_subscription":true,"public_page":true,"sub_page":true,"mod_page":true}},{"id":7943884,"object":"member_info","created":"2020-03-05T22:39:32.157086387-08:00","updated":"2020-06-17T10:32:05.147783775-07:00","user_id":4253479,"group_id":44154,"group_name":"open-projects+ethereum-oasis","status":"sub_status_normal","post_status":"sub_poststatus_newusermoderated","email_delivery":"email_delivery_single","message_selection":"message_selection_all","auto_follow_replies":false,"max_attachment_size":"max_attachment_size_unlimited","approved_posts":0,"mod_status":"sub_modstatus_none","pending_msg_notify":"sub_notify_email_and_app","pending_sub_notify":"sub_notify_email_and_app","sub_notify":"sub_notify_email_and_app","storage_notify":"sub_notify_email_and_app","sub_group_notify":"sub_notify_email_and_app","message_report_notify":"sub_notify_email_and_app","mod_permissions":"","owner_msg_notify":"sub_ownermsg_notify_subs","chat_notify":"sub_notify_email_and_app","photo_notify":"sub_notify_email_and_app","file_notify":"sub_notify_email_and_app","wiki_notify":"sub_notify_email_and_app","database_notify":"sub_notify_email_and_app","email":"ralf.knobloch@slock.it","user_status":"user_status_confirmed","user_name":"axonero","timezone":"Europe/Berlin","full_name":"Ralf Knobloch","about_me":"","location":"Milkyway / Earth / Germany / Mittweida","website":"https://slock.it","profile_photo_url":"https://s3-us-west-1.amazonaws.com/groupsiotestprofilephotos/profilephoto.4253479?AWSAccessKeyId=AKIAJECNKOVMCCU3ATNQ\u0026Expires=1625076805\u0026Signature=TUdzeSlt8lQ2tb6uWXOpkOh4Sz0%3D","profile_privacy":"profile_private","dont_munge_message_id":false,"use_signature":false,"use_signature_email":false,"signature":"","moderator_notes":"","moderator_notes_updated":"1969-12-31T16:00:00-08:00","cover_photo_url":"","icon_url":"","nice_group_name":"","subs_count":0,"most_recent_message":"0001-01-01T00:00:00Z","perms":{"object":"perms","archives_visible":true,"polls_visible":true,"members_visible":true,"chat_visible":true,"calendar_visible":true,"files_visible":true,"database_visible":true,"photos_visible":true,"wiki_visible":true,"member_directory_visible":true,"hashtags_visible":true,"guidelines_visible":true,"subgroups_visible":true,"open_donations_visible":true,"sponsor_visible":true,"manage_subgroups":true,"delete_group":true,"download_archives":true,"download_entire_group":true,"download_members":true,"view_activity":true,"create_hashtags":true,"manage_hashtags":true,"manage_integrations":true,"manage_group_settings":true,"make_moderator":true,"manage_member_subscription_options":true,"manage_pending_members":true,"remove_members":true,"ban_members":true,"manage_group_billing":true,"manage_group_payments":true,"edit_archives":true,"manage_pending_messages":true,"invite_members":true,"can_post":true,"can_vote":true,"manage_polls":true,"manage_photos":true,"manage_members":true,"manage_calendar":true,"manage_chats":true,"view_member_directory":true,"manage_files":true,"manage_wiki":true,"manage_subscription":true,"public_page":true,"sub_page":true,"mod_page":true}},{"id":7942938,"object":"member_info","created":"2020-03-05T16:20:54.485012848-08:00","updated":"2020-06-17T10:53:13.332156776-07:00","user_id":4405778,"group_id":44154,"group_name":"open-projects+ethereum-oasis","status":"sub_status_normal","post_status":"sub_poststatus_newusermoderated","email_delivery":"email_delivery_single","message_selection":"message_selection_all","auto_follow_replies":false,"max_attachment_size":"max_attachment_size_unlimited","approved_posts":0,"mod_status":"sub_modstatus_none","pending_msg_notify":"sub_notify_email_and_app","pending_sub_notify":"sub_notify_email_and_app","sub_notify":"sub_notify_email_and_app","storage_notify":"sub_notify_email_and_app","sub_group_notify":"sub_notify_email_and_app","message_report_notify":"sub_notify_email_and_app","mod_permissions":"","owner_msg_notify":"sub_ownermsg_notify_subs","chat_notify":"sub_notify_email_and_app","photo_notify":"sub_notify_email_and_app","file_notify":"sub_notify_email_and_app","wiki_notify":"sub_notify_email_and_app","database_notify":"sub_notify_email_and_app","email":"sayadzad@gmail.com","user_status":"user_status_confirmed","user_name":"","timezone":"America/Los_Angeles","full_name":"","about_me":"","location":"","website":"","profile_privacy":"profile_members","dont_munge_message_id":false,"use_signature":false,"use_signature_email":false,"signature":"","moderator_notes":"","moderator_notes_updated":"1969-12-31T16:00:00-08:00","cover_photo_url":"","icon_url":"","nice_group_name":"","subs_count":0,"most_recent_message":"0001-01-01T00:00:00Z","perms":{"object":"perms","archives_visible":true,"polls_visible":true,"members_visible":true,"chat_visible":true,"calendar_visible":true,"files_visible":true,"database_visible":true,"photos_visible":true,"wiki_visible":true,"member_directory_visible":true,"hashtags_visible":true,"guidelines_visible":true,"subgroups_visible":true,"open_donations_visible":true,"sponsor_visible":true,"manage_subgroups":true,"delete_group":true,"download_archives":true,"download_entire_group":true,"download_members":true,"view_activity":true,"create_hashtags":true,"manage_hashtags":true,"manage_integrations":true,"manage_group_settings":true,"make_moderator":true,"manage_member_subscription_options":true,"manage_pending_members":true,"remove_members":true,"ban_members":true,"manage_group_billing":true,"manage_group_payments":true,"edit_archives":true,"manage_pending_messages":true,"invite_members":true,"can_post":true,"can_vote":true,"manage_polls":true,"manage_photos":true,"manage_members":true,"manage_calendar":true,"manage_chats":true,"view_member_directory":true,"manage_files":true,"manage_wiki":true,"manage_subscription":true,"public_page":true,"sub_page":true,"mod_page":true}},{"id":7950948,"object":"member_info","created":"2020-03-07T18:48:25.087991054-08:00","updated":"2020-06-17T10:53:08.071045398-07:00","user_id":4410747,"group_id":44154,"group_name":"open-projects+ethereum-oasis","status":"sub_status_normal","post_status":"sub_poststatus_newusermoderated","email_delivery":"email_delivery_single","message_selection":"message_selection_all","auto_follow_replies":false,"max_attachment_size":"max_attachment_size_unlimited","approved_posts":0,"mod_status":"sub_modstatus_none","pending_msg_notify":"sub_notify_email_and_app","pending_sub_notify":"sub_notify_email_and_app","sub_notify":"sub_notify_email_and_app","storage_notify":"sub_notify_email_and_app","sub_group_notify":"sub_notify_email_and_app","message_report_notify":"sub_notify_email_and_app","mod_permissions":"","owner_msg_notify":"sub_ownermsg_notify_subs","chat_notify":"sub_notify_email_and_app","photo_notify":"sub_notify_email_and_app","file_notify":"sub_notify_email_and_app","wiki_notify":"sub_notify_email_and_app","database_notify":"sub_notify_email_and_app","email":"scott@onelaw.us","user_status":"user_status_confirmed","user_name":"","timezone":"America/Los_Angeles","full_name":"Scott H Stevenson","about_me":"","location":"","website":"","profile_privacy":"profile_private","dont_munge_message_id":false,"use_signature":false,"use_signature_email":false,"signature":"","moderator_notes":"","moderator_notes_updated":"1969-12-31T16:00:00-08:00","cover_photo_url":"","icon_url":"","nice_group_name":"","subs_count":0,"most_recent_message":"0001-01-01T00:00:00Z","perms":{"object":"perms","archives_visible":true,"polls_visible":true,"members_visible":true,"chat_visible":true,"calendar_visible":true,"files_visible":true,"database_visible":true,"photos_visible":true,"wiki_visible":true,"member_directory_visible":true,"hashtags_visible":true,"guidelines_visible":true,"subgroups_visible":true,"open_donations_visible":true,"sponsor_visible":true,"manage_subgroups":true,"delete_group":true,"download_archives":true,"download_entire_group":true,"download_members":true,"view_activity":true,"create_hashtags":true,"manage_hashtags":true,"manage_integrations":true,"manage_group_settings":true,"make_moderator":true,"manage_member_subscription_options":true,"manage_pending_members":true,"remove_members":true,"ban_members":true,"manage_group_billing":true,"manage_group_payments":true,"edit_archives":true,"manage_pending_messages":true,"invite_members":true,"can_post":true,"can_vote":true,"manage_polls":true,"manage_photos":true,"manage_members":true,"manage_calendar":true,"manage_chats":true,"view_member_directory":true,"manage_files":true,"manage_wiki":true,"manage_subscription":true,"public_page":true,"sub_page":true,"mod_page":true}},{"id":8031443,"object":"member_info","created":"2020-03-21T11:51:42.960250379-07:00","updated":"2020-06-17T10:50:34.050966417-07:00","user_id":4458387,"group_id":44154,"group_name":"open-projects+ethereum-oasis","status":"sub_status_normal","post_status":"sub_poststatus_newusermoderated","email_delivery":"email_delivery_single","message_selection":"message_selection_all","auto_follow_replies":false,"max_attachment_size":"max_attachment_size_unlimited","approved_posts":0,"mod_status":"sub_modstatus_none","pending_msg_notify":"sub_notify_email_and_app","pending_sub_notify":"sub_notify_email_and_app","sub_notify":"sub_notify_email_and_app","storage_notify":"sub_notify_email_and_app","sub_group_notify":"sub_notify_email_and_app","message_report_notify":"sub_notify_email_and_app","mod_permissions":"","owner_msg_notify":"sub_ownermsg_notify_subs","chat_notify":"sub_notify_email_and_app","photo_notify":"sub_notify_email_and_app","file_notify":"sub_notify_email_and_app","wiki_notify":"sub_notify_email_and_app","database_notify":"sub_notify_email_and_app","email":"stoyanovvv@gmail.com","user_status":"user_status_confirmed","user_name":"","timezone":"America/Los_Angeles","full_name":"","about_me":"","location":"","website":"","profile_privacy":"profile_private","dont_munge_message_id":false,"use_signature":false,"use_signature_email":false,"signature":"","moderator_notes":"","moderator_notes_updated":"1969-12-31T16:00:00-08:00","cover_photo_url":"","icon_url":"","nice_group_name":"","subs_count":0,"most_recent_message":"0001-01-01T00:00:00Z","perms":{"object":"perms","archives_visible":true,"polls_visible":true,"members_visible":true,"chat_visible":true,"calendar_visible":true,"files_visible":true,"database_visible":true,"photos_visible":true,"wiki_visible":true,"member_directory_visible":true,"hashtags_visible":true,"guidelines_visible":true,"subgroups_visible":true,"open_donations_visible":true,"sponsor_visible":true,"manage_subgroups":true,"delete_group":true,"download_archives":true,"download_entire_group":true,"download_members":true,"view_activity":true,"create_hashtags":true,"manage_hashtags":true,"manage_integrations":true,"manage_group_settings":true,"make_moderator":true,"manage_member_subscription_options":true,"manage_pending_members":true,"remove_members":true,"ban_members":true,"manage_group_billing":true,"manage_group_payments":true,"edit_archives":true,"manage_pending_messages":true,"invite_members":true,"can_post":true,"can_vote":true,"manage_polls":true,"manage_photos":true,"manage_members":true,"manage_calendar":true,"manage_chats":true,"view_member_directory":true,"manage_files":true,"manage_wiki":true,"manage_subscription":true,"public_page":true,"sub_page":true,"mod_page":true}},{"id":7800963,"object":"member_info","created":"2020-02-11T15:32:34.697278959-08:00","updated":"2020-02-13T12:22:02.724288806-08:00","user_id":4325101,"group_id":44154,"group_name":"open-projects+ethereum-oasis","status":"sub_status_normal","post_status":"sub_poststatus_normal","email_delivery":"email_delivery_single","message_selection":"message_selection_all","auto_follow_replies":false,"max_attachment_size":"max_attachment_size_unlimited","approved_posts":0,"mod_status":"sub_modstatus_moderator","pending_msg_notify":"sub_notify_email_and_app","pending_sub_notify":"sub_notify_email_and_app","sub_notify":"sub_notify_email_and_app","storage_notify":"sub_notify_email_and_app","sub_group_notify":"sub_notify_email_and_app","message_report_notify":"sub_notify_email_and_app","mod_permissions":"sub_perm_pendingmsg,sub_perm_managehashtags,sub_perm_integrations,sub_perm_viewmembers","owner_msg_notify":"sub_ownermsg_notify_subs","chat_notify":"sub_notify_email_and_app","photo_notify":"sub_notify_email_and_app","file_notify":"sub_notify_email_and_app","wiki_notify":"sub_notify_email_and_app","database_notify":"sub_notify_email_and_app","email":"tas.dienes@ethereum.org","user_status":"user_status_confirmed","user_name":"","timezone":"America/Los_Angeles","full_name":"Tas Dienes","about_me":"","location":"","website":"","profile_privacy":"profile_private","dont_munge_message_id":false,"use_signature":false,"use_signature_email":false,"signature":"","moderator_notes":"","moderator_notes_updated":"1969-12-31T16:00:00-08:00","cover_photo_url":"","icon_url":"","nice_group_name":"","subs_count":0,"most_recent_message":"0001-01-01T00:00:00Z","perms":{"object":"perms","archives_visible":true,"polls_visible":true,"members_visible":true,"chat_visible":true,"calendar_visible":true,"files_visible":true,"database_visible":true,"photos_visible":true,"wiki_visible":true,"member_directory_visible":true,"hashtags_visible":true,"guidelines_visible":true,"subgroups_visible":true,"open_donations_visible":true,"sponsor_visible":true,"manage_subgroups":true,"delete_group":true,"download_archives":true,"download_entire_group":true,"download_members":true,"view_activity":true,"create_hashtags":true,"manage_hashtags":true,"manage_integrations":true,"manage_group_settings":true,"make_moderator":true,"manage_member_subscription_options":true,"manage_pending_members":true,"remove_members":true,"ban_members":true,"manage_group_billing":true,"manage_group_payments":true,"edit_archives":true,"manage_pending_messages":true,"invite_members":true,"can_post":true,"can_vote":true,"manage_polls":true,"manage_photos":true,"manage_members":true,"manage_calendar":true,"manage_chats":true,"view_member_directory":true,"manage_files":true,"manage_wiki":true,"manage_subscription":true,"public_page":true,"sub_page":true,"mod_page":true}},{"id":8824459,"object":"member_info","created":"2020-09-04T09:34:47.318719715-07:00","updated":"2020-09-04T09:34:47.318719715-07:00","user_id":1870703,"group_id":44154,"group_name":"open-projects+ethereum-oasis","status":"sub_status_normal","post_status":"sub_poststatus_newusermoderated","email_delivery":"email_delivery_single","message_selection":"message_selection_all","auto_follow_replies":false,"max_attachment_size":"max_attachment_size_unlimited","approved_posts":0,"mod_status":"sub_modstatus_none","pending_msg_notify":"sub_notify_email_and_app","pending_sub_notify":"sub_notify_email_and_app","sub_notify":"sub_notify_email_and_app","storage_notify":"sub_notify_email_and_app","sub_group_notify":"sub_notify_email_and_app","message_report_notify":"sub_notify_email_and_app","mod_permissions":"","owner_msg_notify":"sub_ownermsg_notify_subs","chat_notify":"sub_notify_email_and_app","photo_notify":"sub_notify_email_and_app","file_notify":"sub_notify_email_and_app","wiki_notify":"sub_notify_email_and_app","database_notify":"sub_notify_email_and_app","email":"tracy.a.kuhrt@accenture.com","user_status":"user_status_confirmed","user_name":"","timezone":"America/Phoenix","full_name":"Kuhrt, Tracy A.","about_me":"","location":"","website":"","profile_privacy":"profile_private","dont_munge_message_id":false,"use_signature":false,"use_signature_email":false,"signature":"","moderator_notes":"","moderator_notes_updated":"1969-12-31T16:00:00-08:00","cover_photo_url":"","icon_url":"","nice_group_name":"","subs_count":0,"most_recent_message":"0001-01-01T00:00:00Z","perms":{"object":"perms","archives_visible":true,"polls_visible":true,"members_visible":true,"chat_visible":true,"calendar_visible":true,"files_visible":true,"database_visible":true,"photos_visible":true,"wiki_visible":true,"member_directory_visible":true,"hashtags_visible":true,"guidelines_visible":true,"subgroups_visible":true,"open_donations_visible":true,"sponsor_visible":true,"manage_subgroups":true,"delete_group":true,"download_archives":true,"download_entire_group":true,"download_members":true,"view_activity":true,"create_hashtags":true,"manage_hashtags":true,"manage_integrations":true,"manage_group_settings":true,"make_moderator":true,"manage_member_subscription_options":true,"manage_pending_members":true,"remove_members":true,"ban_members":true,"manage_group_billing":true,"manage_group_payments":true,"edit_archives":true,"manage_pending_messages":true,"invite_members":true,"can_post":true,"can_vote":true,"manage_polls":true,"manage_photos":true,"manage_members":true,"manage_calendar":true,"manage_chats":true,"view_member_directory":true,"manage_files":true,"manage_wiki":true,"manage_subscription":true,"public_page":true,"sub_page":true,"mod_page":true}},{"id":10285552,"object":"member_info","created":"2021-05-06T10:47:44.780943106-07:00","updated":"2021-05-06T10:47:44.780943106-07:00","user_id":6113922,"group_id":44154,"group_name":"open-projects+ethereum-oasis","status":"sub_status_normal","post_status":"sub_poststatus_normal","email_delivery":"email_delivery_single","message_selection":"message_selection_all","auto_follow_replies":false,"max_attachment_size":"max_attachment_size_unlimited","approved_posts":0,"mod_status":"sub_modstatus_none","pending_msg_notify":"sub_notify_email_and_app","pending_sub_notify":"sub_notify_email_and_app","sub_notify":"sub_notify_email_and_app","storage_notify":"sub_notify_email_and_app","sub_group_notify":"sub_notify_email_and_app","message_report_notify":"sub_notify_email_and_app","mod_permissions":"","owner_msg_notify":"sub_ownermsg_notify_subs","chat_notify":"sub_notify_email_and_app","photo_notify":"sub_notify_email_and_app","file_notify":"sub_notify_email_and_app","wiki_notify":"sub_notify_email_and_app","database_notify":"sub_notify_email_and_app","email":"vdellanno@speedchain.com","user_status":"user_status_confirmed","user_name":"","timezone":"America/Los_Angeles","full_name":"","about_me":"","location":"","website":"","profile_privacy":"profile_private","dont_munge_message_id":false,"use_signature":false,"use_signature_email":false,"signature":"","moderator_notes":"","moderator_notes_updated":"1969-12-31T16:00:00-08:00","cover_photo_url":"","icon_url":"","nice_group_name":"","subs_count":0,"most_recent_message":"0001-01-01T00:00:00Z","perms":{"object":"perms","archives_visible":true,"polls_visible":true,"members_visible":true,"chat_visible":true,"calendar_visible":true,"files_visible":true,"database_visible":true,"photos_visible":true,"wiki_visible":true,"member_directory_visible":true,"hashtags_visible":true,"guidelines_visible":true,"subgroups_visible":true,"open_donations_visible":true,"sponsor_visible":true,"manage_subgroups":true,"delete_group":true,"download_archives":true,"download_entire_group":true,"download_members":true,"view_activity":true,"create_hashtags":true,"manage_hashtags":true,"manage_integrations":true,"manage_group_settings":true,"make_moderator":true,"manage_member_subscription_options":true,"manage_pending_members":true,"remove_members":true,"ban_members":true,"manage_group_billing":true,"manage_group_payments":true,"edit_archives":true,"manage_pending_messages":true,"invite_members":true,"can_post":true,"can_vote":true,"manage_polls":true,"manage_photos":true,"manage_members":true,"manage_calendar":true,"manage_chats":true,"view_member_directory":true,"manage_files":true,"manage_wiki":true,"manage_subscription":true,"public_page":true,"sub_page":true,"mod_page":true}}]
