[{"created":"2019-10-21T08:58:12.297742603-07:00","updated":"2019-10-21T10:49:01.955246607-07:00","type":"welcome","name":"Welcome Message","subject":"Welcome to eth@lists.oasis-open-projects.org","message":"\u003cp\u003eHello,\u003c/p\u003e\r\n\u003cp\u003eWelcome to the eth@lists.oasis-open-projects.org group at OASIS Open Projects. Please take a moment to review this message.\u003c/p\u003e\r\n\u003cp\u003eYou can visit your group, start reading messages and posting them here: \u003ca href=\"https://lists.oasis-open-projects.org/g/eth\"\u003ehttps://lists.oasis-open-projects.org/g/eth\u003c/a\u003e\u003c/p\u003e\r\n\u003cp\u003eThe email address for this group is: eth@lists.oasis-open-projects.org. Because our system allows for participants to post via web or email, you can use this email to post new topics.\u003c/p\u003e\r\n\u003cp\u003eBut most importantly, please add this email address to your safe sender list in your email client\u0026rsquo;s contacts.\u003c/p\u003e\r\n\u003cdiv\u003eEmail list and group for the Ethereum Open Project. Archives are publicly visible. Anyone can subscribe and send email but it is moderated by the PGB members.\u0026nbsp;\u003c/div\u003e\r\n\u003cdiv\u003e\u0026nbsp;\u003c/div\u003e\r\n\u003cp\u003eYou can set your subscription settings here: \u003ca href=\"https://lists.oasis-open-projects.org/g/eth/editsub\"\u003ehttps://lists.oasis-open-projects.org/g/eth/editsub\u003c/a\u003e. You can opt to receive: all messages in individual emails, collections of messages in a digest, a daily summary, or only special notices.\u003c/p\u003e\r\n\u003cp\u003eIf you do not wish to belong to this group, you may unsubscribe by sending an email to: eth+unsubscribe@lists.oasis-open-projects.org\u003c/p\u003e\r\n\u003cp\u003eTo see and modify all of your groups, go to https://lists.oasis-open-projects.org\u003c/p\u003e\r\n\u003cbr /\u003e\r\n\u003cp\u003eRegards,\u003c/p\u003e\r\n\u003cp\u003eThe eth@lists.oasis-open-projects.org Moderator\u003c/p\u003e","format":"html","is_default":true,"send_monthly":false,"send_monthly_special":false,"send_on_join":false,"private":false,"email_subject":""},{"created":"2021-06-29T14:48:33.734200722-07:00","updated":"2021-06-29T14:48:33.734200722-07:00","type":"","name":"Locked Group","subject":" The ethereum-oasis group has moved","message":"\u003cdiv\u003eThis group was for occasional official notifications about the Ethereum OASIS Open Project and discussion of related topics. As of June 29, 2021, the Open Project has become \u003ca href=\"https://entethalliance.org/EEACommunityProjects\" target=\"_blank\" rel=\"noopener\"\u003eEEA Community Projects\u003c/a\u003e, an OASIS Managed Open Project. As part of the transformation, this group is closed. \u003ca href=\"https://lists.oasis-open-projects.org/g/ethereum-oasis/topics\" target=\"_blank\" rel=\"noopener\"\u003eIts archives remain publicly visible.\u003c/a\u003e\u003c/div\u003e\r\n\u003cdiv\u003e\u0026nbsp;\u003c/div\u003e\r\n\u003cdiv\u003eTo follow the work of EEA Community Projects, you may subscribe to the \u003ca href=\"https://lists.oasis-open-projects.org/g/eea-community-projects\" target=\"_blank\" rel=\"noopener\"\u003eEEA Community Projects group\u003c/a\u003e\u0026nbsp;or the \u003ca href=\"https://github.com/eea-oasis\" target=\"_blank\" rel=\"noopener\"\u003eEEA Community Projects GitHub\u003c/a\u003e.\u003c/div\u003e","format":"html","is_default":true,"send_monthly":false,"send_monthly_special":false,"send_on_join":false,"private":false,"email_subject":""}]
