{"id":17090,"object":"poll","created":"2020-10-01T12:21:52.030614549-07:00","updated":"2020-10-01T12:21:52.324152533-07:00","user_id":1868031,"group_id":44137,"profile_photo_url":"","name":"","can_view_profile":false,"question":"[Action Requested] Ballot to Adopt CC-4.0 License for Eth. 1.x JSON-RPC Repository","desc":"\u003cp\u003eDo you approve the adoption of the CC-4.0 License[1] for use on the Ethereum 1.x JSON-RPC API Standarization Project repository?\u003c/p\u003e\r\n\u003cdiv\u003e\u003cbr /\u003e[1] \u003ca href=\"https://docs.google.com/document/d/1HpAqDjHzRRFPIvlMQ4pedAybCbKaDzBC-OxKuL_EhQU/edit#heading=h.dtekeap54wur\" target=\"_blank\" rel=\"noopener\" data-saferedirecturl=\"https://www.google.com/url?q=https://docs.google.com/document/d/1HpAqDjHzRRFPIvlMQ4pedAybCbKaDzBC-OxKuL_EhQU/edit%23heading%3Dh.dtekeap54wur\u0026amp;source=gmail\u0026amp;ust=1601666052486000\u0026amp;usg=AFQjCNHNDTSkxPsuDsMajJIYoF6qy1BkWw\"\u003ehttps://creativecommons.org/licenses/by/4.0/\u003c/a\u003e\u003cbr /\u003e\u003cbr /\u003e\u003c/div\u003e\r\n\u003cdiv\u003e\u003cspan style=\"font-weight: bold;\"\u003eAdditional Information:\u003c/span\u003e\u003c/div\u003e\r\n\u003cdiv\u003e\u0026nbsp;\u003c/div\u003e\r\n\u003cdiv\u003eThis license will be added to the repository along with other appropriate OASIS IPR disclosure policy requirements.\u003cbr /\u003e\u003cbr /\u003eThis \u003cspan\u003e\u003cspan class=\"il\"\u003eballot\u003c/span\u003e\u003c/span\u003e requires a Simple Majority Vote. The PGB currently has 9 voting members. In order to pass, at least 5 members ( \u0026gt; 1/2 of 9) have to vote Yes.\u0026nbsp;\u003c/div\u003e\r\n\u003cdiv\u003e\u003cbr /\u003ePlease use the checkboxes below to indicate your choice; if you have issues submitting your ballot please contact Jory Burson (\u003ca href=\"mailto:jory.burson@oasis-open.org\" target=\"_blank\" rel=\"noopener\"\u003ejory.burson@oasis-open.org\u003c/a\u003e)\u003c/div\u003e\r\n\u003cdiv\u003e\u0026nbsp;\u003c/div\u003e\r\n\u003cdiv\u003eThis \u003cspan\u003e\u003cspan class=\"il\"\u003eballot\u003c/span\u003e\u003c/span\u003e opens immediately and closes whenever all PGB members have cast their vote or on 7 October 2020 at 00:00 UTC, whichever comes first.\u0026nbsp;\u003c/div\u003e\r\n\u003cdiv\u003e\u0026nbsp;\u003c/div\u003e\r\n\u003cdiv\u003e\u003cspan style=\"font-weight: bold;\"\u003eEligible voters:\u003c/span\u003e\u003c/div\u003e\r\n\u003cdiv\u003e\u0026nbsp;\u003c/div\u003e\r\n\u003cdiv\u003eThis \u003cspan\u003e\u003cspan class=\"il\"\u003eballot\u003c/span\u003e\u003c/span\u003e is open to members of the Project Governing Board whose organizations have signed the \u003ca href=\"https://www.oasis-open.org/resources/projects/cla/projects-view-entity-cla\" target=\"_blank\" rel=\"noopener\" data-saferedirecturl=\"https://www.google.com/url?q=https://www.oasis-open.org/resources/projects/cla/projects-view-entity-cla\u0026amp;source=gmail\u0026amp;ust=1601666052487000\u0026amp;usg=AFQjCNG-mGykiaPCqjtgGyiIak_ijD_NSA\"\u003eECLA,\u003c/a\u003e currently consisting of:\u0026nbsp;\u003c/div\u003e\r\n\u003cdiv\u003e\u003cbr /\u003e- Dan Burnett - EEA\u003c/div\u003e\r\n\u003cdiv\u003e- Tas Dienes - EF\u003cbr /\u003e- Daniel Kochis - Chainlink\u003cbr /\u003e- Tracy Kuhrt - Accenture\u003c/div\u003e\r\n- Chaals Nevile - ConsynSys\u003cbr /\u003e- Gina Rubino - Nethermind\u003cbr /\u003e- Stefan Schmidt - Unibright\u003cbr /\u003e- Kyle Thomas - Provide\u003cbr /\u003e- John Wolpert - Baseline TSC Chair\u003cbr /\u003e","multiple":false,"results_at_end":false,"never_show_results":true,"can_view_results":true,"results":[{"answer":"Yes, I approve","count":6,"percentage":"100","votes":[{"user_id":4820360,"email":"daniel.burnett@entethalliance.org","profile_photo_url":"","name":"Daniel Burnett","can_view_profile":false},{"user_id":4990232,"email":"John.Wolpert@mesh.xyz","profile_photo_url":"","name":"John Wolpert","can_view_profile":false},{"user_id":4399136,"email":"kyle@provide.services","profile_photo_url":"","name":"Kyle Thomas","can_view_profile":false},{"user_id":4325101,"email":"tas.dienes@ethereum.org","profile_photo_url":"","name":"Tas Dienes","can_view_profile":false},{"user_id":4898100,"email":"charles.nevile@consensys.net","profile_photo_url":"","name":"Charles 'chaals' (McCathie) Nevile","can_view_profile":false},{"user_id":4830410,"email":"gina@nethermind.io","profile_photo_url":"","name":"Gina Rubino","can_view_profile":false}]},{"answer":"No, I do not approve","count":0,"percentage":"0"}],"is_closed":false,"msg_num":106,"anonymous":false}