{"id":11079,"object":"poll","created":"2020-02-14T13:10:59.032458278-08:00","updated":"2020-02-14T13:10:59.162428155-08:00","user_id":1835704,"group_id":44137,"profile_photo_url":"","name":"","can_view_profile":false,"question":"Accept Baseline as a contribution to the Ethereum OASIS Open Project? ","desc":"\u003cdiv\u003eDo you approve the Ethereum OASIS Open Project accepting Baseline, an open-source project to be contributed by Ernst \u0026amp; Young, to be part of its work program?\u0026nbsp;\u003c/div\u003e\r\n\u003cdiv\u003e\u003cbr /\u003e\u003cbr /\u003e\u003c/div\u003e\r\n\u003cdiv\u003e\u003cstrong\u003eAdditional Information:\u003c/strong\u003e\u003c/div\u003e\r\n\u003cdiv\u003e\u0026nbsp;\u003c/div\u003e\r\n\u003cdiv\u003eBaseline is a project designed to support application development for the Ethereum Mainnet.\u0026nbsp;\u003c/div\u003e\r\n\u003cdiv\u003e\u0026nbsp;\u003c/div\u003e\r\n\u003cdiv\u003eThis ballot requires a Simple Majority Vote. The PGB currently lists 3 voting members. In order to pass, at least 2 members ( \u0026gt; 1/2 of 3) have to vote Yes.\u0026nbsp;\u003c/div\u003e\r\n\u003cdiv\u003e\u0026nbsp;\u003c/div\u003e\r\n\u003cdiv\u003eThis ballot opens immediately and closes whenever all PGB members have cast their vote or on 21 February 2020 at 00:00 UTC, whichever comes first.\u0026nbsp;\u003c/div\u003e\r\n\u003cdiv\u003e\u0026nbsp;\u003c/div\u003e\r\n\u003cdiv\u003e\u003cstrong\u003eEligible voters:\u003c/strong\u003e\u003c/div\u003e\r\n\u003cdiv\u003e\u0026nbsp;\u003c/div\u003e\r\n\u003cdiv\u003eThis ballot is only open to members of the Project Governing Board, currently consisting of:\u0026nbsp;\u003c/div\u003e\r\n\u003cdiv\u003e\u0026nbsp;\u003c/div\u003e\r\n\u003cdiv\u003e- Tas Dienes\u003c/div\u003e\r\n\u003cdiv\u003e- Dan Burnett\u0026nbsp;\u003c/div\u003e\r\n\u003cdiv\u003e- Chaals Nevile\u0026nbsp;\u003c/div\u003e\r\n\u003cdiv\u003e\u0026nbsp;\u003c/div\u003e\r\n\u003cdiv\u003eIf you believe that there is an error in this list, please contact the OASIS Open Project administrator at op-admin@lists.oasis-open-projects.org.\u003c/div\u003e\r\n\u003cdiv\u003e\u0026nbsp;\u003c/div\u003e","multiple":false,"results_at_end":false,"never_show_results":false,"can_view_results":true,"results":[{"answer":"Yes","count":1,"percentage":"100","votes":[{"user_id":4325101,"email":"tas.dienes@ethereum.org","profile_photo_url":"","name":"Tas Dienes","can_view_profile":false}]},{"answer":"No","count":0,"percentage":"0"},{"answer":"Abstain","count":0,"percentage":"0"}],"is_closed":false,"msg_num":1,"anonymous":false}