{"id":11800,"object":"poll","created":"2020-03-11T13:25:08.514819142-07:00","updated":"2020-03-11T13:25:08.621137211-07:00","user_id":1868031,"group_id":44137,"profile_photo_url":"","name":"","can_view_profile":false,"question":"Approve Governance Documentation for Baseline's TSC?","desc":"\u003cdiv\u003eDo you approve the attached Governance Document[1] for use in the Baseline Ethereum OASIS Open Project?\u003cbr /\u003e\u003cbr /\u003e[1]\u0026nbsp;\u003ca href=\"https://docs.google.com/document/d/1BD6QalRL2la6lDabG2z-UZK2w6B3-yXVPM4cnQVhRhA/edit#heading=h.v0lz0eo0eout\"\u003ehttps://docs.google.com/document/d/1BD6QalRL2la6lDabG2z-UZK2w6B3-yXVPM4cnQVhRhA/edit#heading=h.v0lz0eo0eout\u003c/a\u003e\u003cbr /\u003e\u003cbr /\u003e\u003c/div\u003e\r\n\u003cdiv\u003e\u003cspan style=\"font-weight: bold;\"\u003eAdditional Information:\u003c/span\u003e\u003c/div\u003e\r\n\u003cdiv\u003e\u0026nbsp;\u003c/div\u003e\r\n\u003cdiv\u003eThe Baseline Governance Document governs the proceedings of its TSC, which reports to the PGB.\u0026nbsp;\u003c/div\u003e\r\n\u003cdiv\u003e\u0026nbsp;\u003c/div\u003e\r\n\u003cdiv\u003eThis ballot requires a Simple Majority Vote. The PGB currently lists 3 voting members. In order to pass, at least 2 members ( \u0026gt; 1/2 of 3) have to vote Yes.\u0026nbsp;\u003cbr /\u003e\u003cbr /\u003ePlease use the checkboxes below to indicate your choice.\u003c/div\u003e\r\n\u003cdiv\u003e\u0026nbsp;\u003c/div\u003e\r\n\u003cdiv\u003eThis ballot opens immediately and closes whenever all PGB members have cast their vote or on 21 February 2020 at 00:00 UTC, whichever comes first.\u0026nbsp;\u003c/div\u003e\r\n\u003cdiv\u003e\u0026nbsp;\u003c/div\u003e\r\n\u003cdiv\u003e\u003cspan style=\"font-weight: bold;\"\u003eEligible voters:\u003c/span\u003e\u003c/div\u003e\r\n\u003cdiv\u003e\u0026nbsp;\u003c/div\u003e\r\n\u003cdiv\u003eThis ballot is only open to members of the Project Governing Board, currently consisting of:\u0026nbsp;\u003c/div\u003e\r\n\u003cdiv\u003e\u0026nbsp;\u003c/div\u003e\r\n\u003cdiv\u003e- Tas Dienes\u003c/div\u003e\r\n\u003cdiv\u003e- Dan Burnett\u0026nbsp;\u003c/div\u003e\r\n\u003cdiv\u003e- Chaals Nevile\u0026nbsp;\u003c/div\u003e\r\n\u003cdiv\u003e\u0026nbsp;\u003c/div\u003e\r\n\u003cdiv\u003eIf you believe that there is an error in this list, please contact the OASIS Open Project administrator at op-admin@oasis-open.org\u003c/div\u003e","multiple":false,"results_at_end":false,"never_show_results":false,"can_view_results":true,"results":[{"answer":"Yes","count":2,"percentage":"100","votes":[{"user_id":1820646,"email":"daniel.burnett@consensys.net","profile_photo_url":"","name":"Dan Burnett","can_view_profile":false},{"user_id":4325101,"email":"tas.dienes@ethereum.org","profile_photo_url":"","name":"Tas Dienes","can_view_profile":false}]},{"answer":"No","count":0,"percentage":"0"},{"answer":"Abstain","count":0,"percentage":"0"}],"is_closed":false,"msg_num":14,"anonymous":false}