{"id":16525,"object":"poll","created":"2020-09-09T10:10:18.383746729-07:00","updated":"2020-09-09T10:10:18.483997907-07:00","user_id":1868031,"group_id":44137,"profile_photo_url":"","name":"","can_view_profile":false,"question":"Ballot to Accept Eth 1.x JSON-RPC API Standardization Project - Action Requested","desc":"\u003cp\u003eA new poll has been created:\u003c/p\u003e\r\n\u003cdiv\u003eDo you agree to accept the Ethereum 1.x JSON-RPC API Standarization Project[1] and form a TSC for this project under the Ethereum OASIS Open Project Governing Board?\u003cbr /\u003e\u003cbr /\u003e[1] \u003ca href=\"https://docs.google.com/document/d/1HpAqDjHzRRFPIvlMQ4pedAybCbKaDzBC-OxKuL_EhQU/edit#heading=h.dtekeap54wur\" target=\"_blank\" rel=\"noopener\"\u003ehttps://docs.google.com/document/d/1HpAqDjHzRRFPIvlMQ4pedAybCbKaDzBC-OxKuL_EhQU/edit#heading=h.dtekeap54wur\u003c/a\u003e\u003cbr /\u003e\u003cbr /\u003e\u003c/div\u003e\r\n\u003cdiv\u003e\u003cspan style=\"font-weight: bold;\"\u003eAdditional Information:\u003c/span\u003e\u003c/div\u003e\r\n\u003cdiv\u003e\u0026nbsp;\u003c/div\u003e\r\n\u003cdiv\u003eThis \u003cspan class=\"il\"\u003eballot\u003c/span\u003e requires a Simple Majority Vote. The PGB currently has 8 voting members. In order to pass, at least 5 members ( \u0026gt; 1/2 of 8) have to vote Yes.\u0026nbsp;\u003c/div\u003e\r\n\u003cdiv\u003e\u003cbr /\u003ePlease use the checkboxes below to indicate your choice.\u003c/div\u003e\r\n\u003cdiv\u003e\u0026nbsp;\u003c/div\u003e\r\n\u003cdiv\u003eThis \u003cspan class=\"il\"\u003eballot\u003c/span\u003e opens immediately and closes whenever all PGB members have cast their vote or on 16 September 2020 at 00:00 UTC, whichever comes first.\u0026nbsp;\u003c/div\u003e\r\n\u003cdiv\u003e\u0026nbsp;\u003c/div\u003e\r\n\u003cdiv\u003e\u003cspan style=\"font-weight: bold;\"\u003eEligible voters:\u003c/span\u003e\u003c/div\u003e\r\n\u003cdiv\u003e\u0026nbsp;\u003c/div\u003e\r\n\u003cdiv\u003eThis \u003cspan class=\"il\"\u003eballot\u003c/span\u003e is open to members of the Project Governing Board whose organizations have signed the \u003ca href=\"https://www.oasis-open.org/resources/projects/cla/projects-view-entity-cla\" target=\"_blank\" rel=\"noopener\"\u003eECLA,\u003c/a\u003e currently consisting of:\u0026nbsp;\u003c/div\u003e\r\n\u003cdiv\u003e\u003cbr /\u003e- Dan Burnett - EEA \u003c/div\u003e\r\n\u003cdiv\u003e- Tas Dienes - EF\u003cbr /\u003e- Daniel Kochis - Chainlink\u003c/div\u003e\r\n\u003cdiv\u003e- Chaals Nevile - ConsynSys\u003cbr /\u003e- Gina Rubino - Nethermind\u003cbr /\u003e- Stefan Schmidt - Unibright\u003cbr /\u003e- Kyle Thomas - Provide\u003cbr /\u003e- John Wolpert - Baseline TSC Chair\u003cbr /\u003e\u003cbr /\u003e\u003c/div\u003e\r\n\u003cdiv\u003eSponsoring organizations who submit their signed ECLA documentation before the ballot closes will be able to participate in the vote.\u003cbr /\u003e\u0026nbsp;\u003c/div\u003e\r\n\u003cdiv\u003eIf you believe that there is an error in this list, please contact the OASIS Open Project administrator at \u003ca href=\"mailto:op-admin@oasis-open.org\" target=\"_blank\" rel=\"noopener\"\u003eop-admin@oasis-open.org\u003c/a\u003e\u003c/div\u003e","multiple":false,"results_at_end":true,"never_show_results":false,"can_view_results":true,"results":[{"answer":"Yes, I accept","count":5,"percentage":"100","votes":[{"user_id":4325101,"email":"tas.dienes@ethereum.org","profile_photo_url":"","name":"Tas Dienes","can_view_profile":false},{"user_id":4830410,"email":"gina@nethermind.io","profile_photo_url":"","name":"Gina Rubino","can_view_profile":false},{"user_id":4898100,"email":"charles.nevile@consensys.net","profile_photo_url":"","name":"Charles 'chaals' (McCathie) Nevile","can_view_profile":false},{"user_id":4399136,"email":"kyle@provide.services","profile_photo_url":"","name":"Kyle Thomas","can_view_profile":false},{"user_id":4396328,"email":"john.wolpert@consensys.net","profile_photo_url":"","name":"John Wolpert","can_view_profile":false}]},{"answer":"No, I do not accept","count":0,"percentage":"0"},{"answer":"Abstain","count":0,"percentage":"0"}],"is_closed":false,"msg_num":94,"anonymous":false}