{"id":19813,"object":"poll","created":"2021-01-28T12:49:59.910725905-08:00","updated":"2021-01-28T12:50:00.002886708-08:00","user_id":1868031,"group_id":44137,"profile_photo_url":"","name":"","can_view_profile":false,"question":"Ballot to Approve relicensing of Eth. 1.x JSON-RPC Standard project repository","desc":"\u003cp\u003eA new poll has been created:\u003c/p\u003e\r\n\u003cdiv\u003eDo you approve the re-licensing of the Eth. 1.x JSON-RPC API Standard project repository[1] from CC-4.0 to CC-0?\u003cbr /\u003e[1] \u003ca href=\"https://docs.google.com/document/d/1BD6QalRL2la6lDabG2z-UZK2w6B3-yXVPM4cnQVhRhA/edit#heading=h.v0lz0eo0eout\" target=\"_blank\" rel=\"noopener\" data-saferedirecturl=\"https://www.google.com/url?q=https://docs.google.com/document/d/1BD6QalRL2la6lDabG2z-UZK2w6B3-yXVPM4cnQVhRhA/edit%23heading%3Dh.v0lz0eo0eout\u0026amp;source=gmail\u0026amp;ust=1611952810336000\u0026amp;usg=AFQjCNEQV2Na6Kdq3-Q48rD2oKWd3PkFkQ\"\u003ehttps://github.com/ethereum-oasis/eth1.x-JSON-RPC-API-standard\u003c/a\u003e\u003cbr /\u003e\u003cbr /\u003e\u003c/div\u003e\r\n\u003cdiv\u003e\u003cspan style=\"font-weight: bold;\"\u003eAdditional Information:\u003c/span\u003e\u003c/div\u003e\r\n\u003cdiv\u003e\u0026nbsp;\u003c/div\u003e\r\n\u003cdiv\u003eThe Ethereum OASIS PGB must approve of all IPR related changes.\u0026nbsp;\u003c/div\u003e\r\n\u003cdiv\u003e\u0026nbsp;\u003c/div\u003e\r\n\u003cdiv\u003eThis \u003cspan class=\"il\"\u003eballot\u003c/span\u003e requires a Simple Majority Vote. The PGB currently has 8 voting members. In order to pass, at least 5 members ( \u0026gt; 1/2 of 8) have to vote Yes.\u0026nbsp;\u003cbr /\u003e\u003cbr /\u003ePlease use the checkboxes below to indicate your choice.\u003c/div\u003e\r\n\u003cdiv\u003e\u0026nbsp;\u003c/div\u003e\r\n\u003cdiv\u003eThis \u003cspan class=\"il\"\u003eballot\u003c/span\u003e opens immediately and closes whenever all PGB members have cast their vote or on 05 February 2021 at 00:00 UTC, whichever comes first.\u0026nbsp;\u003c/div\u003e\r\n\u003cdiv\u003e\u0026nbsp;\u003c/div\u003e\r\n\u003cdiv\u003e\u003cspan style=\"font-weight: bold;\"\u003eEligible voters:\u003c/span\u003e\u003c/div\u003e\r\n\u003cdiv\u003e\u0026nbsp;\u003c/div\u003e\r\n\u003cdiv\u003eThis \u003cspan class=\"il\"\u003eballot\u003c/span\u003e is only open to members of the \u003ca href=\"https://github.com/ethereum-oasis/oasis-open-project#governance\" target=\"_blank\" rel=\"noopener\"\u003eProject Governing Board\u003c/a\u003e.\u003c/div\u003e\r\n\u003cdiv\u003e\u0026nbsp;\u003c/div\u003e\r\n\u003cdiv\u003eIf you believe that there is an error in this list, please contact the OASIS Open Project administrator at \u003ca href=\"mailto:op-admin@oasis-open.org\" target=\"_blank\" rel=\"noopener\"\u003eop-admin@oasis-open.org\u003c/a\u003e\u003c/div\u003e\r\n1. Yes\u003cbr /\u003e2. No\u003cbr /\u003e3. Abstain","multiple":false,"results_at_end":false,"never_show_results":true,"can_view_results":true,"results":[{"answer":"Yes, I approve","count":4,"percentage":"100","votes":[{"user_id":1870703,"email":"tracy.a.kuhrt@accenture.com","profile_photo_url":"","name":"Kuhrt, Tracy A.","can_view_profile":false},{"user_id":4820360,"email":"daniel.burnett@entethalliance.org","profile_photo_url":"","name":"Daniel Burnett","can_view_profile":false},{"user_id":4325101,"email":"tas.dienes@ethereum.org","profile_photo_url":"","name":"Tas Dienes","can_view_profile":false},{"user_id":4898100,"email":"charles.nevile@consensys.net","profile_photo_url":"","name":"Charles 'chaals' (McCathie) Nevile","can_view_profile":false}]},{"answer":"No, I do not approve","count":0,"percentage":"0"},{"answer":"Abstain","count":0,"percentage":"0"}],"is_closed":false,"msg_num":129,"anonymous":false}