{"id":13076,"object":"poll","created":"2020-04-22T15:12:49.339234858-07:00","updated":"2020-04-22T15:12:49.487526297-07:00","user_id":1868031,"group_id":44137,"profile_photo_url":"","name":"","can_view_profile":false,"question":"Ballot to Confirm Nominations for Ethereum OASIS PGB Chair \u0026 Co-Chair","desc":"\u003cspan style=\"color: #121212; font-family: Lato, 'Helvetica Neue', Helvetica, Arial, sans-serif;\"\u003e\u003cspan style=\"font-weight: bold;\"\u003eDo you approve the appointment of the following individuals to serve as Chair and Co-Chair of the Ethereum OASIS PGB?\u003c/span\u003e\u003c/span\u003e\u003cbr /\u003e\u003cbr /\u003eChair Nominee: Dan Burnett, ConsenSys\u003cbr /\u003e\u003cbr /\u003eCo-chair Nominee: Chaals Nevile, EEA\u003cbr /\u003e\u003cspan style=\"color: #222222; font-size: small; font-family: Lato, 'Helvetica Neue', Helvetica, Arial, sans-serif;\"\u003e\u003cspan style=\"font-weight: bold;\"\u003e\u003cbr /\u003e\u003c/span\u003e\u003c/span\u003e\u003cspan style=\"color: #222222; font-family: Arial, Helvetica, sans-serif; font-size: small;\"\u003e\u003c/span\u003e\r\n\u003cdiv style=\"color: #222222; font-family: Arial, Helvetica, sans-serif; font-size: small;\"\u003e\u003cspan style=\"font-weight: bold;\"\u003eAdditional Information:\u003c/span\u003e\u003c/div\u003e\r\n\u003cdiv style=\"color: #222222; font-family: Arial, Helvetica, sans-serif; font-size: small;\"\u003e\u0026nbsp;\u003c/div\u003e\r\n\u003cdiv\u003e\u003cspan style=\"color: #222222; font-family: Arial, Helvetica, sans-serif; font-size: small;\"\u003eFrom the Open Projects guides:\u0026nbsp;\u003c/span\u003e\u003cbr /\u003e\r\n\u003cblockquote\u003e\r\n\u003cdiv\u003e\u003cspan style=\"color: #222222; font-family: Arial, Helvetica, sans-serif; font-size: small;\"\u003eEach PGB selects one or two of its members as Chair(s). The role of the Chair is to manage the PGB\u0026rsquo;s logistics, agenda, and decision-making. The Chair(s):\u003c/span\u003e\u003c/div\u003e\r\n\u003cul\u003e\r\n\u003cli\u003e\u003cspan style=\"color: #222222; font-family: Arial, Helvetica, sans-serif; font-size: small;\"\u003eHelp the PGB reach consensus on topics and manage any polls taken, working with the Open Projects Administrator when required by the Open Project Rules.\u003c/span\u003e\u003c/li\u003e\r\n\u003cli\u003e\u003cspan style=\"color: #222222; font-family: Arial, Helvetica, sans-serif; font-size: small;\"\u003eCoordinate and lead any meetings of the PGB or the broader community and, when needed, work with OASIS staff on related events.\u003c/span\u003e\u003c/li\u003e\r\n\u003cli\u003e\u003cspan style=\"color: #222222; font-family: Arial, Helvetica, sans-serif; font-size: small;\"\u003eAssist the Maintainer(s) when necessary.\u003c/span\u003e\u003c/li\u003e\r\n\u003cli\u003e\u003cspan style=\"color: #222222; font-family: Arial, Helvetica, sans-serif; font-size: small;\"\u003eAct as the project's main point of contact with OASIS staff.\u0026nbsp;\u003c/span\u003e\u003c/li\u003e\r\n\u003c/ul\u003e\r\n\u003c/blockquote\u003e\r\n\u003c/div\u003e\r\n\u003cdiv style=\"color: #222222; font-family: Arial, Helvetica, sans-serif; font-size: small;\"\u003eThis\u0026nbsp;\u003cspan class=\"il\"\u003eballot\u003c/span\u003e\u0026nbsp;requires a Simple Majority Vote. The PGB currently lists 3 voting members. In order to pass, at least 2 members ( \u0026gt; 1/2 of 3) have to vote Yes.\u0026nbsp;\u003cbr /\u003e\u003cbr /\u003ePlease use the checkboxes below to indicate your choice.\u003c/div\u003e\r\n\u003cdiv style=\"color: #222222; font-family: Arial, Helvetica, sans-serif; font-size: small;\"\u003e\u0026nbsp;\u003c/div\u003e\r\n\u003cdiv style=\"color: #222222; font-family: Arial, Helvetica, sans-serif; font-size: small;\"\u003eThis\u0026nbsp;\u003cspan class=\"il\"\u003eballot\u003c/span\u003e\u0026nbsp;opens immediately and closes whenever all PGB members have cast their vote or on 25 March 2020 at 00:00 UTC, whichever comes first.\u0026nbsp;\u003c/div\u003e\r\n\u003cdiv style=\"color: #222222; font-family: Arial, Helvetica, sans-serif; font-size: small;\"\u003e\u0026nbsp;\u003c/div\u003e\r\n\u003cdiv style=\"color: #222222; font-family: Arial, Helvetica, sans-serif; font-size: small;\"\u003e\u003cspan style=\"font-weight: bold;\"\u003eEligible voters:\u003c/span\u003e\u003c/div\u003e\r\n\u003cdiv style=\"color: #222222; font-family: Arial, Helvetica, sans-serif; font-size: small;\"\u003e\u0026nbsp;\u003c/div\u003e\r\n\u003cdiv style=\"color: #222222; font-family: Arial, Helvetica, sans-serif; font-size: small;\"\u003eThis\u0026nbsp;\u003cspan class=\"il\"\u003eballot\u003c/span\u003e\u0026nbsp;is only open to members of the Project Governing Board, currently consisting of:\u0026nbsp;\u003c/div\u003e\r\n\u003cdiv style=\"color: #222222; font-family: Arial, Helvetica, sans-serif; font-size: small;\"\u003e\u0026nbsp;\u003c/div\u003e\r\n\u003cdiv style=\"color: #222222; font-family: Arial, Helvetica, sans-serif; font-size: small;\"\u003e- Tas Dienes\u003c/div\u003e\r\n\u003cdiv style=\"color: #222222; font-family: Arial, Helvetica, sans-serif; font-size: small;\"\u003e- Dan Burnett\u0026nbsp;\u003c/div\u003e\r\n\u003cdiv style=\"color: #222222; font-family: Arial, Helvetica, sans-serif; font-size: small;\"\u003e- Chaals Nevile\u0026nbsp;\u003c/div\u003e\r\n\u003cdiv style=\"color: #222222; font-family: Arial, Helvetica, sans-serif; font-size: small;\"\u003e\u0026nbsp;\u003c/div\u003e\r\n\u003cdiv style=\"color: #222222; font-family: Arial, Helvetica, sans-serif; font-size: small;\"\u003eIf you believe that there is an error in this list, please contact the OASIS Open Project administrator at\u0026nbsp;\u003ca style=\"color: #1155cc;\" href=\"mailto:op-admin@oasis-open.org\" target=\"_blank\" rel=\"noopener\"\u003eop-admin@oasis-open.org\u003c/a\u003e\u003c/div\u003e\r\n\u003cp style=\"color: #222222; font-family: Arial, Helvetica, sans-serif; font-size: small;\"\u003e\u0026nbsp;\u003c/p\u003e\r\n\u003cp style=\"color: #222222; font-family: Arial, Helvetica, sans-serif; font-size: small;\"\u003e\u0026nbsp;\u003c/p\u003e","multiple":false,"results_at_end":false,"never_show_results":false,"can_view_results":true,"results":[{"answer":"Yes","count":3,"percentage":"100","votes":[{"user_id":4325101,"email":"tas.dienes@ethereum.org","profile_photo_url":"","name":"Tas Dienes","can_view_profile":false},{"user_id":4324945,"email":"Chaals@entethalliance.org","profile_photo_url":"","name":"Chaals Nevile","can_view_profile":false},{"user_id":1820646,"email":"daniel.burnett@consensys.net","profile_photo_url":"","name":"Dan Burnett","can_view_profile":false}]},{"answer":"No","count":0,"percentage":"0"},{"answer":"Abstain","count":0,"percentage":"0"}],"is_closed":false,"msg_num":27,"anonymous":false}