{"id":12019,"object":"poll","created":"2020-03-18T06:35:58.286258326-07:00","updated":"2020-03-18T06:35:58.399632413-07:00","user_id":1868031,"group_id":44137,"profile_photo_url":"","name":"","can_view_profile":false,"question":"Baseline TSC Formation Ballot - Time Sensitive","desc":"\u003cspan class=\"author-243607103 b font-color-121212 font-size-medium\" style=\"color: #121212; font-family: Lato, 'Helvetica Neue', Helvetica, Arial, sans-serif;\"\u003e\u003cspan style=\"font-weight: bold;\"\u003eA new poll has been created:\u003cbr /\u003e\u003cbr /\u003eDo you approve the formation of the Baseline Protocol Technical Steering Committee and the appointing of the below listed individuals to it, according to the OASIS Open Project Rules (\u003c/span\u003e\u003c/span\u003e\u003cspan style=\"font-family: Lato, 'Helvetica Neue', Helvetica, Arial, sans-serif; color: #222222;\"\u003e\u003ca class=\"link\" href=\"https://www.oasis-open.org/policies-guidelines/open-projects-process\" target=\"_blank\" rel=\"nofollow noopener\"\u003e\u003cspan style=\"font-weight: bold;\"\u003ehttps://www.oasis-open.org/policies-guidelines/open-projects-process\u003c/span\u003e\u003c/a\u003e\u003c/span\u003e\u003cspan class=\"author-243607103 b font-color-000000 font-size-medium\" style=\"color: #222222; font-family: Lato, 'Helvetica Neue', Helvetica, Arial, sans-serif;\"\u003e\u003cspan style=\"font-weight: bold;\"\u003e)?\u003cbr /\u003e\u003c/span\u003e\u003c/span\u003e\u003cbr /\u003e\r\n\u003ctable dir=\"ltr\" style=\"width: 322px; height: 231px;\" border=\"1\" cellspacing=\"0\" cellpadding=\"0\"\u003e\u003ccolgroup\u003e\u003ccol width=\"146\" /\u003e\u003c/colgroup\u003e\r\n\u003ctbody\u003e\r\n\u003ctr style=\"height: 21px;\"\u003e\r\n\u003ctd style=\"width: 160px; height: 21px;\" data-sheets-value=\"{\u0026quot;1\u0026quot;:2,\u0026quot;2\u0026quot;:\u0026quot;John Wolpert\u0026quot;}\"\u003eJohn Wolpert - Chair\u003c/td\u003e\r\n\u003ctd style=\"width: 161px; height: 21px;\"\u003eConsenSys\u003c/td\u003e\r\n\u003c/tr\u003e\r\n\u003ctr style=\"height: 21px;\"\u003e\r\n\u003ctd style=\"width: 160px; height: 21px;\" data-sheets-value=\"{\u0026quot;1\u0026quot;:2,\u0026quot;2\u0026quot;:\u0026quot;Brian Chamberlain\u0026quot;}\"\u003eBrian Chamberlain\u003c/td\u003e\r\n\u003ctd style=\"width: 161px; height: 21px;\"\u003eConsenSys\u003c/td\u003e\r\n\u003c/tr\u003e\r\n\u003ctr style=\"height: 21px;\"\u003e\r\n\u003ctd style=\"width: 160px; height: 21px;\" data-sheets-value=\"{\u0026quot;1\u0026quot;:2,\u0026quot;2\u0026quot;:\u0026quot;Kartheek Solipuram\u0026quot;}\"\u003eKartheek Solipuram\u003c/td\u003e\r\n\u003ctd style=\"width: 161px; height: 21px;\"\u003eEY\u003c/td\u003e\r\n\u003c/tr\u003e\r\n\u003ctr style=\"height: 21px;\"\u003e\r\n\u003ctd style=\"width: 160px; height: 21px;\"\u003e\u003cspan style=\"color: #000000; font-family: Roboto, RobotoDraft, Helvetica, Arial, sans-serif; font-size: 13px; white-space: pre-wrap;\"\u003eStefan Schmidt\u003c/span\u003e\u003c/td\u003e\r\n\u003ctd style=\"width: 161px; height: 21px;\"\u003eUnibright\u003c/td\u003e\r\n\u003c/tr\u003e\r\n\u003ctr style=\"height: 21px;\"\u003e\r\n\u003ctd style=\"width: 160px; height: 21px;\"\u003e\u003cspan style=\"color: #000000; font-family: Roboto, RobotoDraft, Helvetica, Arial, sans-serif; font-size: 13px; white-space: pre-wrap;\"\u003eJohann Eid\u003c/span\u003e\u003c/td\u003e\r\n\u003ctd style=\"width: 161px; height: 21px;\"\u003eChainlink\u003c/td\u003e\r\n\u003c/tr\u003e\r\n\u003ctr style=\"height: 21px;\"\u003e\r\n\u003ctd style=\"width: 160px; height: 21px;\"\u003eNate McKervey\u003cspan style=\"color: #000000; font-family: Roboto, RobotoDraft, Helvetica, Arial, sans-serif; font-size: 13px; white-space: pre-wrap;\"\u003e\u003cbr /\u003e\u003c/span\u003e\u003c/td\u003e\r\n\u003ctd style=\"width: 161px; height: 21px;\"\u003eSplunk\u003c/td\u003e\r\n\u003c/tr\u003e\r\n\u003ctr style=\"height: 21px;\"\u003e\r\n\u003ctd style=\"width: 160px; height: 21px;\"\u003eKyle Thomas\u003cspan style=\"color: #000000; font-family: Roboto, RobotoDraft, Helvetica, Arial, sans-serif; font-size: 13px; white-space: pre-wrap;\"\u003e\u003cbr /\u003e\u003c/span\u003e\u003c/td\u003e\r\n\u003ctd style=\"width: 161px; height: 21px;\"\u003eProvide\u003c/td\u003e\r\n\u003c/tr\u003e\r\n\u003ctr style=\"height: 21px;\"\u003e\r\n\u003ctd style=\"width: 160px; height: 21px;\"\u003e\u003cspan style=\"color: #000000; font-family: Arial; font-size: 13px; white-space: pre-wrap;\"\u003eHudson Jameson\u003c/span\u003e\u003c/td\u003e\r\n\u003ctd style=\"width: 161px; height: 21px;\"\u003eEthereum Foundation\u003c/td\u003e\r\n\u003c/tr\u003e\r\n\u003ctr style=\"height: 21px;\"\u003e\r\n\u003ctd style=\"width: 160px; height: 21px;\"\u003eConor Svensson\u003cspan style=\"color: #000000; font-family: Arial; font-size: 13px; white-space: pre-wrap;\"\u003e\u003cbr /\u003e\u003c/span\u003e\u003c/td\u003e\r\n\u003ctd style=\"width: 161px; height: 21px;\"\u003eWeb3Labs\u003c/td\u003e\r\n\u003c/tr\u003e\r\n\u003ctr style=\"height: 21px;\"\u003e\r\n\u003ctd style=\"width: 160px; height: 21px;\"\u003e\u003cspan style=\"color: #000000; font-family: Roboto, RobotoDraft, Helvetica, Arial, sans-serif; font-size: 13px; white-space: pre-wrap;\"\u003eEric Bravick\u003c/span\u003e\u003c/td\u003e\r\n\u003ctd style=\"width: 161px; height: 21px;\"\u003eCore Convergence\u003c/td\u003e\r\n\u003c/tr\u003e\r\n\u003ctr style=\"height: 21px;\"\u003e\r\n\u003ctd style=\"width: 160px; height: 21px;\"\u003eZac Williamson\u003cspan style=\"color: #000000; font-family: Roboto, RobotoDraft, Helvetica, Arial, sans-serif; font-size: 13px; white-space: pre-wrap;\"\u003e\u003cbr /\u003e\u003c/span\u003e\u003c/td\u003e\r\n\u003ctd style=\"width: 161px; height: 21px;\"\u003eAztec\u003c/td\u003e\r\n\u003c/tr\u003e\r\n\u003c/tbody\u003e\r\n\u003c/table\u003e\r\n\u003cspan class=\"author-243607103 b font-color-000000 font-size-medium\" style=\"color: #222222; font-family: Lato, 'Helvetica Neue', Helvetica, Arial, sans-serif;\"\u003e\u003cspan style=\"font-weight: bold;\"\u003e\u003cbr /\u003e\u003c/span\u003e\u003c/span\u003e\r\n\u003cdiv style=\"color: #222222; font-family: Arial, Helvetica, sans-serif; font-size: small;\"\u003e\u003cspan style=\"font-weight: bold;\"\u003eAdditional Information:\u003c/span\u003e\u003c/div\u003e\r\n\u003cdiv style=\"color: #222222; font-family: Arial, Helvetica, sans-serif; font-size: small;\"\u003e\u0026nbsp;\u003c/div\u003e\r\n\u003cdiv style=\"color: #222222; font-family: Arial, Helvetica, sans-serif; font-size: small;\"\u003eThe Baseline TSC reports to the Ethereum OASIS PGB. The PGB is responsible for appointing a TSC and TSC Chair.\u0026nbsp;\u003cbr /\u003e\u003cbr /\u003eAdditional candidate information can be found at\u0026nbsp;\u003ca style=\"font-family: 'Helvetica Neue', Helvetica, Arial, sans-serif; font-size: 14px;\" href=\"https://docs.google.com/spreadsheets/d/1KoEVvAsUj-JfWcQlxYFdM8TUfpYgfjj_RxYsSQ_DFY0/edit?ts=5e692394#gid=0\"\u003ehttps://docs.google.com/spreadsheets/d/1KoEVvAsUj-JfWcQlxYFdM8TUfpYgfjj_RxYsSQ_DFY0/edit?ts=5e692394#gid=0\u003c/a\u003e\u003c/div\u003e\r\n\u003cdiv style=\"color: #222222; font-family: Arial, Helvetica, sans-serif; font-size: small;\"\u003e\u0026nbsp;\u003c/div\u003e\r\n\u003cdiv style=\"color: #222222; font-family: Arial, Helvetica, sans-serif; font-size: small;\"\u003eThis\u0026nbsp;\u003cspan class=\"il\"\u003eballot\u003c/span\u003e\u0026nbsp;requires a Simple Majority Vote. The PGB currently lists 3 voting members. In order to pass, at least 2 members ( \u0026gt; 1/2 of 3) have to vote Yes.\u0026nbsp;\u003cbr /\u003e\u003cbr /\u003ePlease use the checkboxes below to indicate your choice.\u003c/div\u003e\r\n\u003cdiv style=\"color: #222222; font-family: Arial, Helvetica, sans-serif; font-size: small;\"\u003e\u0026nbsp;\u003c/div\u003e\r\n\u003cdiv style=\"color: #222222; font-family: Arial, Helvetica, sans-serif; font-size: small;\"\u003eThis\u0026nbsp;\u003cspan class=\"il\"\u003eballot\u003c/span\u003e\u0026nbsp;opens immediately and closes whenever all PGB members have cast their vote or on 25 March 2020 at 00:00 UTC, whichever comes first.\u0026nbsp;\u003c/div\u003e\r\n\u003cdiv style=\"color: #222222; font-family: Arial, Helvetica, sans-serif; font-size: small;\"\u003e\u0026nbsp;\u003c/div\u003e\r\n\u003cdiv style=\"color: #222222; font-family: Arial, Helvetica, sans-serif; font-size: small;\"\u003e\u003cspan style=\"font-weight: bold;\"\u003eEligible voters:\u003c/span\u003e\u003c/div\u003e\r\n\u003cdiv style=\"color: #222222; font-family: Arial, Helvetica, sans-serif; font-size: small;\"\u003e\u0026nbsp;\u003c/div\u003e\r\n\u003cdiv style=\"color: #222222; font-family: Arial, Helvetica, sans-serif; font-size: small;\"\u003eThis\u0026nbsp;\u003cspan class=\"il\"\u003eballot\u003c/span\u003e\u0026nbsp;is only open to members of the Project Governing Board, currently consisting of:\u0026nbsp;\u003c/div\u003e\r\n\u003cdiv style=\"color: #222222; font-family: Arial, Helvetica, sans-serif; font-size: small;\"\u003e\u0026nbsp;\u003c/div\u003e\r\n\u003cdiv style=\"color: #222222; font-family: Arial, Helvetica, sans-serif; font-size: small;\"\u003e- Tas Dienes\u003c/div\u003e\r\n\u003cdiv style=\"color: #222222; font-family: Arial, Helvetica, sans-serif; font-size: small;\"\u003e- Dan Burnett\u0026nbsp;\u003c/div\u003e\r\n\u003cdiv style=\"color: #222222; font-family: Arial, Helvetica, sans-serif; font-size: small;\"\u003e- Chaals Nevile\u0026nbsp;\u003c/div\u003e\r\n\u003cdiv style=\"color: #222222; font-family: Arial, Helvetica, sans-serif; font-size: small;\"\u003e\u0026nbsp;\u003c/div\u003e\r\n\u003cdiv style=\"color: #222222; font-family: Arial, Helvetica, sans-serif; font-size: small;\"\u003eIf you believe that there is an error in this list, please contact the OASIS Open Project administrator at\u0026nbsp;\u003ca style=\"color: #1155cc;\" href=\"mailto:op-admin@oasis-open.org\" target=\"_blank\" rel=\"noopener\"\u003eop-admin@oasis-open.org\u003c/a\u003e\u003c/div\u003e\r\n\u003cp style=\"color: #222222; font-family: Arial, Helvetica, sans-serif; font-size: small;\"\u003e\u0026nbsp;\u003c/p\u003e","multiple":false,"results_at_end":false,"never_show_results":false,"can_view_results":true,"results":[{"answer":"Yes","count":3,"percentage":"100","votes":[{"user_id":1820646,"email":"daniel.burnett@consensys.net","profile_photo_url":"","name":"Dan Burnett","can_view_profile":false},{"user_id":4325101,"email":"tas.dienes@ethereum.org","profile_photo_url":"","name":"Tas Dienes","can_view_profile":false},{"user_id":4324945,"email":"Chaals@entethalliance.org","profile_photo_url":"","name":"Chaals Nevile","can_view_profile":false}]},{"answer":"No","count":0,"percentage":"0"},{"answer":"Abstain","count":0,"percentage":"0"}],"is_closed":false,"msg_num":19,"anonymous":false}