{"id":44137,"object":"group","created":"2019-10-21T08:34:25.025039113-07:00","updated":"2021-06-29T07:51:25.956309296-07:00","type":"group_type_messages","title":"Ethereum OASIS Project Governing Board (PGB)","name":"open-projects+ethereum-oasis-pgb","nice_group_name":"","alias":"","desc":"\u003cdiv style=\"line-height: 1.42857;\"\u003eThis email group is used by members of the\u0026nbsp;\u003ca style=\"background-color: #ffffff;\" href=\"https://github.com/ethereum-oasis\" target=\"_blank\" rel=\"noopener\"\u003eEthereum OASIS\u003c/a\u003e\u0026nbsp;Project Governing Board. Archives are publicly visible. All are welcome to follow the conversation, but only PGB members can post.\u003cbr /\u003e\u003cbr /\u003e\u003c/div\u003e\r\n\u003cdiv style=\"line-height: 1.42857;\"\u003e\r\n\u003cdiv style=\"line-height: 1.42857;\"\u003eOther Ethereum OASIS email groups:\u003cbr /\u003e\u0026nbsp; -\u0026nbsp;\u003ca style=\"background-color: #ffffff;\" href=\"https://lists.oasis-open-projects.org/g/ethereum-oasis\" target=\"_blank\" rel=\"noopener\"\u003eEthereum OASIS\u0026nbsp;Notifications\u003c/a\u003e\u003cbr /\u003e\u0026nbsp; -\u0026nbsp;\u003ca href=\"https://lists.oasis-open-projects.org/g/baseline\" target=\"_blank\" rel=\"noopener\"\u003eBaseline\u0026nbsp;Notifications\u003c/a\u003e\u003cbr /\u003e\u0026nbsp; -\u0026nbsp;\u003ca href=\"https://lists.oasis-open-projects.org/g/baseline-tsc\" target=\"_blank\" rel=\"noopener\"\u003eBaseline Technical Steering Committee\u003c/a\u003e\u003cbr /\u003e\u0026nbsp; - \u003ca href=\"https://lists.oasis-open-projects.org/g/baseline-ssc\" target=\"_blank\" rel=\"noopener\"\u003eBaseline Specifications Steering Committee\u003c/a\u003e\u003cbr /\u003e\u0026nbsp; -\u0026nbsp;\u003ca href=\"https://lists.oasis-open-projects.org/g/baseline-marketing\" target=\"_blank\" rel=\"noopener\"\u003eBaseline Marketing\u003c/a\u003e\u003cbr /\u003e\u003cbr /\u003e\u003c/div\u003e\r\n\u003c/div\u003e","plain_desc":"This email group is used by members of the Ethereum OASIS Project Governing Board. Archives are publicly visible. All are welcome to follow the conversation, but only PGB members can post.\n\n\n\n\nOther Ethereum OASIS email groups:\n  - Ethereum OASIS Notifications\n  - Baseline Notifications\n  - Baseline Technical Steering Committee\n  - Baseline Specifications Steering Committee\n  - Baseline Marketing","subject_tag":"[eth-pgb]","footer":"This mailing list is for the use of the members of the Ethereum OASIS Open Project Governing Board (https://github.com/ethereum-oasis). Others may subscribe as read-only.\r\n\r\nSend mail to communications@oasis-open.org for information on becoming an Ethereum OASIS Sponsor.\r\n","website":"https://github.com/ethereum-oasis/","announce":false,"moderation":"no_moderation","new_users_moderated":false,"unmoderate_users_after":3,"restricted":true,"allow_non_subs_to_post":false,"force_html_emails":false,"normalize_html_emails":false,"reply_to":"group_reply_to_group","remove_other_reply_options":false,"privacy":"sub_group_privacy_none","seperate_footers":false,"allow_downloads":"allow_downloads_no","members_visible":"group_view_members_moderators","subgroup_access":"sub_group_subs","calendar_access":"group_access_limited","files_access":"group_access_limited","database_access":"group_access_none","wiki_access":"group_access_none","photos_access":"group_access_limited","member_directory_access":"group_access_none","polls_access":"polls_access_limited","chat_access":"group_access_none","handle_attachments":"group_attachments_normal","plain_text_only":false,"handle_virus":"handle_virus_block","locked":false,"plan":"group_plan_enterprise","trial_group":false,"has_cover_photo":true,"has_icon":true,"parent_group_id":34848,"org_id":71,"max_photo_size_email":"max_photo_size_none","max_photo_size_photos":"max_photo_size_none","max_photo_size_databases":"max_photo_size_none","max_photo_size_wiki_images":"max_photo_size_none","hash_tags_required":false,"hash_tag_permissions":"hash_tag_create_subs","bounce_attachments":false,"allow_photos_in_files":true,"allow_reposts":false,"min_days_between_reposts":0,"max_number_of_reposts":0,"email_delivery_default":"email_delivery_single","message_selection_default":"message_selection_all","auto_follow_replies_default":false,"max_attachment_size_default":"max_attachment_size_unlimited","default_timezone":"America/Los_Angeles","default_time_pref":"standard_time","default_date_pref":"us_date","default_monday_start":false,"disable_edits":false,"disable_no_email":true,"auto_close_threads":false,"close_threads_after":0,"auto_moderate_threads":false,"moderate_threads_after":0,"sticky_wiki_page_id":0,"subgroupcategoryid":0,"subs_count":17,"open_chats_count":0,"threads_count":68,"messages_count":163,"org_domain":"","most_recent_message":"2021-06-29T07:51:25.919181431-07:00","cover_photo_url":"","icon_url":"","group_url":"","allow_parent_subs_to_post":false,"send_event_summaries":false,"event_summary_schedule":"event_summary_weekly_friday","send_invites_on_join":true,"email_address":"ethereum-oasis-pgb@lists.oasis-open-projects.org"}
