[{"id":9923612,"object":"member_info","created":"2021-02-03T04:19:42.106776968-08:00","updated":"2021-02-03T04:19:42.106776968-08:00","user_id":5825506,"group_id":44137,"group_name":"open-projects+ethereum-oasis-pgb","status":"sub_status_normal","post_status":"sub_poststatus_normal","email_delivery":"email_delivery_single","message_selection":"message_selection_all","auto_follow_replies":false,"max_attachment_size":"max_attachment_size_unlimited","approved_posts":0,"mod_status":"sub_modstatus_none","pending_msg_notify":"sub_notify_email_and_app","pending_sub_notify":"sub_notify_email_and_app","sub_notify":"sub_notify_email_and_app","storage_notify":"sub_notify_email_and_app","sub_group_notify":"sub_notify_email_and_app","message_report_notify":"sub_notify_email_and_app","mod_permissions":"","owner_msg_notify":"sub_ownermsg_notify_subs","chat_notify":"sub_notify_email_and_app","photo_notify":"sub_notify_email_and_app","file_notify":"sub_notify_email_and_app","wiki_notify":"sub_notify_email_and_app","database_notify":"sub_notify_email_and_app","email":"antonio.sabado@nethermind.io","user_status":"user_status_confirmed","user_name":"","timezone":"Europe/London","full_name":"","about_me":"","location":"","website":"","profile_privacy":"profile_private","dont_munge_message_id":false,"use_signature":false,"use_signature_email":false,"signature":"","moderator_notes":"","moderator_notes_updated":"1969-12-31T16:00:00-08:00","cover_photo_url":"","icon_url":"","nice_group_name":"","subs_count":0,"most_recent_message":"0001-01-01T00:00:00Z","perms":{"object":"perms","archives_visible":true,"polls_visible":true,"members_visible":true,"chat_visible":true,"calendar_visible":true,"files_visible":true,"database_visible":true,"photos_visible":true,"wiki_visible":true,"member_directory_visible":true,"hashtags_visible":true,"guidelines_visible":true,"subgroups_visible":true,"open_donations_visible":true,"sponsor_visible":true,"manage_subgroups":true,"delete_group":true,"download_archives":true,"download_entire_group":true,"download_members":true,"view_activity":true,"create_hashtags":true,"manage_hashtags":true,"manage_integrations":true,"manage_group_settings":true,"make_moderator":true,"manage_member_subscription_options":true,"manage_pending_members":true,"remove_members":true,"ban_members":true,"manage_group_billing":true,"manage_group_payments":true,"edit_archives":true,"manage_pending_messages":true,"invite_members":true,"can_post":true,"can_vote":true,"manage_polls":true,"manage_photos":true,"manage_members":true,"manage_calendar":true,"manage_chats":true,"view_member_directory":true,"manage_files":true,"manage_wiki":true,"manage_subscription":true,"public_page":true,"sub_page":true,"mod_page":true}},{"id":4533237,"object":"member_info","created":"2019-10-21T09:13:32.982960479-07:00","updated":"2021-05-07T15:32:01.158700661-07:00","user_id":1848276,"group_id":44137,"group_name":"open-projects+ethereum-oasis-pgb","status":"sub_status_normal","post_status":"sub_poststatus_normal","email_delivery":"email_delivery_single","message_selection":"message_selection_all","auto_follow_replies":false,"max_attachment_size":"max_attachment_size_unlimited","approved_posts":0,"mod_status":"sub_modstatus_owner","pending_msg_notify":"sub_notify_none","pending_sub_notify":"sub_notify_none","sub_notify":"sub_notify_none","storage_notify":"sub_notify_email_and_app","sub_group_notify":"sub_notify_email_and_app","message_report_notify":"sub_notify_email_and_app","mod_permissions":"sub_perm_pendingmsg,sub_perm_pendingmembers,sub_perm_invitemembers,sub_perm_removemembers,sub_perm_banmembers,sub_perm_makemoderator,sub_perm_managehashtags,sub_perm_groupsettings,sub_perm_modsub,sub_perm_integrations,sub_perm_editarchives,sub_perm_billing,sub_perm_managesubgroups,sub_perm_viewmembers,sub_perm_managepaidsubscriptions","owner_msg_notify":"sub_ownermsg_notify_subs","chat_notify":"sub_notify_email_and_app","photo_notify":"sub_notify_email_and_app","file_notify":"sub_notify_email_and_app","wiki_notify":"sub_notify_email_and_app","database_notify":"sub_notify_email_and_app","email":"carol.geyer@oasis-open.org","user_status":"user_status_confirmed","user_name":"carol.geyer","timezone":"America/New_York","full_name":"Carol Geyer","about_me":"","location":"Sarasota, Florida, USA","website":"oasis-open-projects.org","profile_photo_url":"https://s3-us-west-1.amazonaws.com/groupsiotestprofilephotos/profilephoto.1848276?AWSAccessKeyId=AKIAJECNKOVMCCU3ATNQ\u0026Expires=1625075507\u0026Signature=Z2oc9UuEhjhoycAQAU3F1cBhpa8%3D","profile_privacy":"profile_private","dont_munge_message_id":false,"use_signature":false,"use_signature_email":false,"signature":"","moderator_notes":"","moderator_notes_updated":"1969-12-31T16:00:00-08:00","cover_photo_url":"","icon_url":"","nice_group_name":"","subs_count":0,"most_recent_message":"0001-01-01T00:00:00Z","perms":{"object":"perms","archives_visible":true,"polls_visible":true,"members_visible":true,"chat_visible":true,"calendar_visible":true,"files_visible":true,"database_visible":true,"photos_visible":true,"wiki_visible":true,"member_directory_visible":true,"hashtags_visible":true,"guidelines_visible":true,"subgroups_visible":true,"open_donations_visible":true,"sponsor_visible":true,"manage_subgroups":true,"delete_group":true,"download_archives":true,"download_entire_group":true,"download_members":true,"view_activity":true,"create_hashtags":true,"manage_hashtags":true,"manage_integrations":true,"manage_group_settings":true,"make_moderator":true,"manage_member_subscription_options":true,"manage_pending_members":true,"remove_members":true,"ban_members":true,"manage_group_billing":true,"manage_group_payments":true,"edit_archives":true,"manage_pending_messages":true,"invite_members":true,"can_post":true,"can_vote":true,"manage_polls":true,"manage_photos":true,"manage_members":true,"manage_calendar":true,"manage_chats":true,"view_member_directory":true,"manage_files":true,"manage_wiki":true,"manage_subscription":true,"public_page":true,"sub_page":true,"mod_page":true}},{"id":8749879,"object":"member_info","created":"2020-08-17T10:38:18.132835691-07:00","updated":"2021-06-02T07:21:43.275310487-07:00","user_id":4898100,"group_id":44137,"group_name":"open-projects+ethereum-oasis-pgb","status":"sub_status_normal","post_status":"sub_poststatus_normal","email_delivery":"email_delivery_single","message_selection":"message_selection_all","auto_follow_replies":false,"max_attachment_size":"max_attachment_size_unlimited","approved_posts":0,"mod_status":"sub_modstatus_moderator","pending_msg_notify":"sub_notify_email_and_app","pending_sub_notify":"sub_notify_email_and_app","sub_notify":"sub_notify_email_and_app","storage_notify":"sub_notify_email_and_app","sub_group_notify":"sub_notify_email_and_app","message_report_notify":"sub_notify_email_and_app","mod_permissions":"sub_perm_pendingmsg,sub_perm_pendingmembers,sub_perm_invitemembers,sub_perm_removemembers,sub_perm_banmembers,sub_perm_makemoderator,sub_perm_managehashtags,sub_perm_modsub,sub_perm_integrations,sub_perm_editarchives,sub_perm_viewmembers","owner_msg_notify":"sub_ownermsg_notify_subs","chat_notify":"sub_notify_email_and_app","photo_notify":"sub_notify_email_and_app","file_notify":"sub_notify_email_and_app","wiki_notify":"sub_notify_email_and_app","database_notify":"sub_notify_email_and_app","email":"charles.nevile@consensys.net","user_status":"user_status_confirmed","user_name":"","timezone":"America/Los_Angeles","full_name":"Charles 'chaals' (McCathie) Nevile","about_me":"","location":"","website":"","profile_privacy":"profile_private","dont_munge_message_id":false,"use_signature":false,"use_signature_email":false,"signature":"","moderator_notes":"","moderator_notes_updated":"1969-12-31T16:00:00-08:00","cover_photo_url":"","icon_url":"","nice_group_name":"","subs_count":0,"most_recent_message":"0001-01-01T00:00:00Z","perms":{"object":"perms","archives_visible":true,"polls_visible":true,"members_visible":true,"chat_visible":true,"calendar_visible":true,"files_visible":true,"database_visible":true,"photos_visible":true,"wiki_visible":true,"member_directory_visible":true,"hashtags_visible":true,"guidelines_visible":true,"subgroups_visible":true,"open_donations_visible":true,"sponsor_visible":true,"manage_subgroups":true,"delete_group":true,"download_archives":true,"download_entire_group":true,"download_members":true,"view_activity":true,"create_hashtags":true,"manage_hashtags":true,"manage_integrations":true,"manage_group_settings":true,"make_moderator":true,"manage_member_subscription_options":true,"manage_pending_members":true,"remove_members":true,"ban_members":true,"manage_group_billing":true,"manage_group_payments":true,"edit_archives":true,"manage_pending_messages":true,"invite_members":true,"can_post":true,"can_vote":true,"manage_polls":true,"manage_photos":true,"manage_members":true,"manage_calendar":true,"manage_chats":true,"view_member_directory":true,"manage_files":true,"manage_wiki":true,"manage_subscription":true,"public_page":true,"sub_page":true,"mod_page":true}},{"id":4526807,"object":"member_info","created":"2019-10-21T08:34:25.029706508-07:00","updated":"2021-06-30T07:48:18.354634044-07:00","user_id":1835704,"group_id":44137,"group_name":"open-projects+ethereum-oasis-pgb","status":"sub_status_normal","post_status":"sub_poststatus_normal","email_delivery":"email_delivery_single","message_selection":"message_selection_all","auto_follow_replies":false,"max_attachment_size":"max_attachment_size_unlimited","approved_posts":0,"mod_status":"sub_modstatus_owner","pending_msg_notify":"sub_notify_email_and_app","pending_sub_notify":"sub_notify_email_and_app","sub_notify":"sub_notify_email_and_app","storage_notify":"sub_notify_email_and_app","sub_group_notify":"sub_notify_email_and_app","message_report_notify":"sub_notify_email_and_app","mod_permissions":"sub_perm_pendingmsg,sub_perm_pendingmembers,sub_perm_invitemembers,sub_perm_removemembers,sub_perm_banmembers,sub_perm_makemoderator,sub_perm_managehashtags,sub_perm_groupsettings,sub_perm_modsub,sub_perm_integrations,sub_perm_editarchives,sub_perm_billing,sub_perm_managesubgroups,sub_perm_viewmembers,sub_perm_managepaidsubscriptions","owner_msg_notify":"sub_ownermsg_notify_subs","chat_notify":"sub_notify_email_and_app","photo_notify":"sub_notify_email_and_app","file_notify":"sub_notify_email_and_app","wiki_notify":"sub_notify_email_and_app","database_notify":"sub_notify_email_and_app","email":"chet.ensign@oasis-open.org","user_status":"user_status_confirmed","user_name":"","timezone":"America/New_York","full_name":"Chet Ensign","about_me":"","location":"","website":"","profile_privacy":"profile_private","dont_munge_message_id":false,"use_signature":false,"use_signature_email":false,"signature":"","moderator_notes":"","moderator_notes_updated":"1969-12-31T16:00:00-08:00","cover_photo_url":"","icon_url":"","nice_group_name":"","subs_count":0,"most_recent_message":"0001-01-01T00:00:00Z","perms":{"object":"perms","archives_visible":true,"polls_visible":true,"members_visible":true,"chat_visible":true,"calendar_visible":true,"files_visible":true,"database_visible":true,"photos_visible":true,"wiki_visible":true,"member_directory_visible":true,"hashtags_visible":true,"guidelines_visible":true,"subgroups_visible":true,"open_donations_visible":true,"sponsor_visible":true,"manage_subgroups":true,"delete_group":true,"download_archives":true,"download_entire_group":true,"download_members":true,"view_activity":true,"create_hashtags":true,"manage_hashtags":true,"manage_integrations":true,"manage_group_settings":true,"make_moderator":true,"manage_member_subscription_options":true,"manage_pending_members":true,"remove_members":true,"ban_members":true,"manage_group_billing":true,"manage_group_payments":true,"edit_archives":true,"manage_pending_messages":true,"invite_members":true,"can_post":true,"can_vote":true,"manage_polls":true,"manage_photos":true,"manage_members":true,"manage_calendar":true,"manage_chats":true,"view_member_directory":true,"manage_files":true,"manage_wiki":true,"manage_subscription":true,"public_page":true,"sub_page":true,"mod_page":true}},{"id":10147893,"object":"member_info","created":"2021-03-29T13:17:14.2245205-07:00","updated":"2021-06-30T06:16:00.339462173-07:00","user_id":6007290,"group_id":44137,"group_name":"open-projects+ethereum-oasis-pgb","status":"sub_status_normal","post_status":"sub_poststatus_normal","email_delivery":"email_delivery_single","message_selection":"message_selection_all","auto_follow_replies":false,"max_attachment_size":"max_attachment_size_unlimited","approved_posts":0,"mod_status":"sub_modstatus_owner","pending_msg_notify":"sub_notify_email_and_app","pending_sub_notify":"sub_notify_email_and_app","sub_notify":"sub_notify_email_and_app","storage_notify":"sub_notify_email_and_app","sub_group_notify":"sub_notify_email_and_app","message_report_notify":"sub_notify_email_and_app","mod_permissions":"sub_perm_pendingmsg,sub_perm_pendingmembers,sub_perm_invitemembers,sub_perm_removemembers,sub_perm_banmembers,sub_perm_makemoderator,sub_perm_managehashtags,sub_perm_groupsettings,sub_perm_modsub,sub_perm_integrations,sub_perm_editarchives,sub_perm_billing,sub_perm_managesubgroups,sub_perm_viewmembers,sub_perm_managepaidsubscriptions","owner_msg_notify":"sub_ownermsg_notify_subs","chat_notify":"sub_notify_email_and_app","photo_notify":"sub_notify_email_and_app","file_notify":"sub_notify_email_and_app","wiki_notify":"sub_notify_email_and_app","database_notify":"sub_notify_email_and_app","email":"claudia.rauch@oasis-open.org","user_status":"user_status_confirmed","user_name":"claurau","timezone":"America/New_York","full_name":"Claudia Rauch","about_me":"","location":"","website":"","profile_photo_url":"https://s3-us-west-1.amazonaws.com/groupsiotestprofilephotos/profilephoto.6007290?AWSAccessKeyId=AKIAJECNKOVMCCU3ATNQ\u0026Expires=1625075507\u0026Signature=T97PXc8DEPyjofTRqsM%2FO2T2Gxs%3D","profile_privacy":"profile_private","dont_munge_message_id":false,"use_signature":false,"use_signature_email":false,"signature":"","moderator_notes":"","moderator_notes_updated":"1969-12-31T16:00:00-08:00","cover_photo_url":"","icon_url":"","nice_group_name":"","subs_count":0,"most_recent_message":"0001-01-01T00:00:00Z","perms":{"object":"perms","archives_visible":true,"polls_visible":true,"members_visible":true,"chat_visible":true,"calendar_visible":true,"files_visible":true,"database_visible":true,"photos_visible":true,"wiki_visible":true,"member_directory_visible":true,"hashtags_visible":true,"guidelines_visible":true,"subgroups_visible":true,"open_donations_visible":true,"sponsor_visible":true,"manage_subgroups":true,"delete_group":true,"download_archives":true,"download_entire_group":true,"download_members":true,"view_activity":true,"create_hashtags":true,"manage_hashtags":true,"manage_integrations":true,"manage_group_settings":true,"make_moderator":true,"manage_member_subscription_options":true,"manage_pending_members":true,"remove_members":true,"ban_members":true,"manage_group_billing":true,"manage_group_payments":true,"edit_archives":true,"manage_pending_messages":true,"invite_members":true,"can_post":true,"can_vote":true,"manage_polls":true,"manage_photos":true,"manage_members":true,"manage_calendar":true,"manage_chats":true,"view_member_directory":true,"manage_files":true,"manage_wiki":true,"manage_subscription":true,"public_page":true,"sub_page":true,"mod_page":true}},{"id":7800762,"object":"member_info","created":"2020-02-11T14:52:40.64623815-08:00","updated":"2020-07-31T15:18:21.029715308-07:00","user_id":1820646,"group_id":44137,"group_name":"open-projects+ethereum-oasis-pgb","status":"sub_status_normal","post_status":"sub_poststatus_normal","email_delivery":"email_delivery_single","message_selection":"message_selection_all","auto_follow_replies":false,"max_attachment_size":"max_attachment_size_unlimited","approved_posts":0,"mod_status":"sub_modstatus_moderator","pending_msg_notify":"sub_notify_email_and_app","pending_sub_notify":"sub_notify_email_and_app","sub_notify":"sub_notify_email_and_app","storage_notify":"sub_notify_email_and_app","sub_group_notify":"sub_notify_email_and_app","message_report_notify":"sub_notify_email_and_app","mod_permissions":"","owner_msg_notify":"sub_ownermsg_notify_subs","chat_notify":"sub_notify_email_and_app","photo_notify":"sub_notify_email_and_app","file_notify":"sub_notify_email_and_app","wiki_notify":"sub_notify_email_and_app","database_notify":"sub_notify_email_and_app","email":"daniel.burnett@consensys.net","user_status":"user_status_bounced","user_name":"","timezone":"America/Los_Angeles","full_name":"Dan Burnett","about_me":"","location":"","website":"","profile_privacy":"profile_private","dont_munge_message_id":false,"use_signature":false,"use_signature_email":false,"signature":"","moderator_notes":"","moderator_notes_updated":"1969-12-31T16:00:00-08:00","cover_photo_url":"","icon_url":"","nice_group_name":"","subs_count":0,"most_recent_message":"0001-01-01T00:00:00Z","perms":{"object":"perms","archives_visible":true,"polls_visible":true,"members_visible":true,"chat_visible":true,"calendar_visible":true,"files_visible":true,"database_visible":true,"photos_visible":true,"wiki_visible":true,"member_directory_visible":true,"hashtags_visible":true,"guidelines_visible":true,"subgroups_visible":true,"open_donations_visible":true,"sponsor_visible":true,"manage_subgroups":true,"delete_group":true,"download_archives":true,"download_entire_group":true,"download_members":true,"view_activity":true,"create_hashtags":true,"manage_hashtags":true,"manage_integrations":true,"manage_group_settings":true,"make_moderator":true,"manage_member_subscription_options":true,"manage_pending_members":true,"remove_members":true,"ban_members":true,"manage_group_billing":true,"manage_group_payments":true,"edit_archives":true,"manage_pending_messages":true,"invite_members":true,"can_post":true,"can_vote":true,"manage_polls":true,"manage_photos":true,"manage_members":true,"manage_calendar":true,"manage_chats":true,"view_member_directory":true,"manage_files":true,"manage_wiki":true,"manage_subscription":true,"public_page":true,"sub_page":true,"mod_page":true}},{"id":8636850,"object":"member_info","created":"2020-07-16T00:19:21.61629031-07:00","updated":"2021-06-02T07:20:57.675250903-07:00","user_id":4820360,"group_id":44137,"group_name":"open-projects+ethereum-oasis-pgb","status":"sub_status_normal","post_status":"sub_poststatus_normal","email_delivery":"email_delivery_single","message_selection":"message_selection_all","auto_follow_replies":false,"max_attachment_size":"max_attachment_size_unlimited","approved_posts":0,"mod_status":"sub_modstatus_moderator","pending_msg_notify":"sub_notify_email_and_app","pending_sub_notify":"sub_notify_email_and_app","sub_notify":"sub_notify_email_and_app","storage_notify":"sub_notify_email_and_app","sub_group_notify":"sub_notify_email_and_app","message_report_notify":"sub_notify_email_and_app","mod_permissions":"sub_perm_pendingmsg,sub_perm_pendingmembers,sub_perm_invitemembers,sub_perm_removemembers,sub_perm_banmembers,sub_perm_makemoderator,sub_perm_managehashtags,sub_perm_modsub,sub_perm_integrations,sub_perm_editarchives,sub_perm_viewmembers","owner_msg_notify":"sub_ownermsg_notify_subs","chat_notify":"sub_notify_email_and_app","photo_notify":"sub_notify_email_and_app","file_notify":"sub_notify_email_and_app","wiki_notify":"sub_notify_email_and_app","database_notify":"sub_notify_email_and_app","email":"daniel.burnett@entethalliance.org","user_status":"user_status_confirmed","user_name":"","timezone":"America/Los_Angeles","full_name":"Daniel Burnett","about_me":"","location":"","website":"","profile_privacy":"profile_private","dont_munge_message_id":false,"use_signature":false,"use_signature_email":false,"signature":"","moderator_notes":"","moderator_notes_updated":"1969-12-31T16:00:00-08:00","cover_photo_url":"","icon_url":"","nice_group_name":"","subs_count":0,"most_recent_message":"0001-01-01T00:00:00Z","perms":{"object":"perms","archives_visible":true,"polls_visible":true,"members_visible":true,"chat_visible":true,"calendar_visible":true,"files_visible":true,"database_visible":true,"photos_visible":true,"wiki_visible":true,"member_directory_visible":true,"hashtags_visible":true,"guidelines_visible":true,"subgroups_visible":true,"open_donations_visible":true,"sponsor_visible":true,"manage_subgroups":true,"delete_group":true,"download_archives":true,"download_entire_group":true,"download_members":true,"view_activity":true,"create_hashtags":true,"manage_hashtags":true,"manage_integrations":true,"manage_group_settings":true,"make_moderator":true,"manage_member_subscription_options":true,"manage_pending_members":true,"remove_members":true,"ban_members":true,"manage_group_billing":true,"manage_group_payments":true,"edit_archives":true,"manage_pending_messages":true,"invite_members":true,"can_post":true,"can_vote":true,"manage_polls":true,"manage_photos":true,"manage_members":true,"manage_calendar":true,"manage_chats":true,"view_member_directory":true,"manage_files":true,"manage_wiki":true,"manage_subscription":true,"public_page":true,"sub_page":true,"mod_page":true}},{"id":8761563,"object":"member_info","created":"2020-08-20T10:05:28.746646493-07:00","updated":"2020-08-28T10:36:07.041068515-07:00","user_id":4906259,"group_id":44137,"group_name":"open-projects+ethereum-oasis-pgb","status":"sub_status_normal","post_status":"sub_poststatus_normal","email_delivery":"email_delivery_single","message_selection":"message_selection_all","auto_follow_replies":false,"max_attachment_size":"max_attachment_size_unlimited","approved_posts":0,"mod_status":"sub_modstatus_none","pending_msg_notify":"sub_notify_email_and_app","pending_sub_notify":"sub_notify_email_and_app","sub_notify":"sub_notify_email_and_app","storage_notify":"sub_notify_email_and_app","sub_group_notify":"sub_notify_email_and_app","message_report_notify":"sub_notify_email_and_app","mod_permissions":"","owner_msg_notify":"sub_ownermsg_notify_subs","chat_notify":"sub_notify_email_and_app","photo_notify":"sub_notify_email_and_app","file_notify":"sub_notify_email_and_app","wiki_notify":"sub_notify_email_and_app","database_notify":"sub_notify_email_and_app","email":"dan@smartcontract.com","user_status":"user_status_confirmed","user_name":"","timezone":"America/Los_Angeles","full_name":"","about_me":"","location":"","website":"","profile_privacy":"profile_private","dont_munge_message_id":false,"use_signature":false,"use_signature_email":false,"signature":"","moderator_notes":"","moderator_notes_updated":"1969-12-31T16:00:00-08:00","cover_photo_url":"","icon_url":"","nice_group_name":"","subs_count":0,"most_recent_message":"0001-01-01T00:00:00Z","perms":{"object":"perms","archives_visible":true,"polls_visible":true,"members_visible":true,"chat_visible":true,"calendar_visible":true,"files_visible":true,"database_visible":true,"photos_visible":true,"wiki_visible":true,"member_directory_visible":true,"hashtags_visible":true,"guidelines_visible":true,"subgroups_visible":true,"open_donations_visible":true,"sponsor_visible":true,"manage_subgroups":true,"delete_group":true,"download_archives":true,"download_entire_group":true,"download_members":true,"view_activity":true,"create_hashtags":true,"manage_hashtags":true,"manage_integrations":true,"manage_group_settings":true,"make_moderator":true,"manage_member_subscription_options":true,"manage_pending_members":true,"remove_members":true,"ban_members":true,"manage_group_billing":true,"manage_group_payments":true,"edit_archives":true,"manage_pending_messages":true,"invite_members":true,"can_post":true,"can_vote":true,"manage_polls":true,"manage_photos":true,"manage_members":true,"manage_calendar":true,"manage_chats":true,"view_member_directory":true,"manage_files":true,"manage_wiki":true,"manage_subscription":true,"public_page":true,"sub_page":true,"mod_page":true}},{"id":10100347,"object":"member_info","created":"2021-03-17T06:29:23.003838614-07:00","updated":"2021-03-17T09:22:38.320706427-07:00","user_id":5971997,"group_id":44137,"group_name":"open-projects+ethereum-oasis-pgb","status":"sub_status_normal","post_status":"sub_poststatus_normal","email_delivery":"email_delivery_single","message_selection":"message_selection_all","auto_follow_replies":false,"max_attachment_size":"max_attachment_size_unlimited","approved_posts":0,"mod_status":"sub_modstatus_none","pending_msg_notify":"sub_notify_email_and_app","pending_sub_notify":"sub_notify_email_and_app","sub_notify":"sub_notify_email_and_app","storage_notify":"sub_notify_email_and_app","sub_group_notify":"sub_notify_email_and_app","message_report_notify":"sub_notify_email_and_app","mod_permissions":"","owner_msg_notify":"sub_ownermsg_notify_subs","chat_notify":"sub_notify_email_and_app","photo_notify":"sub_notify_email_and_app","file_notify":"sub_notify_email_and_app","wiki_notify":"sub_notify_email_and_app","database_notify":"sub_notify_email_and_app","email":"Jan.Brezina1@ey.com","user_status":"user_status_confirmed","user_name":"","timezone":"America/Los_Angeles","full_name":"Jan Brezina","about_me":"","location":"","website":"","profile_privacy":"profile_private","dont_munge_message_id":false,"use_signature":false,"use_signature_email":false,"signature":"","moderator_notes":"","moderator_notes_updated":"1969-12-31T16:00:00-08:00","cover_photo_url":"","icon_url":"","nice_group_name":"","subs_count":0,"most_recent_message":"0001-01-01T00:00:00Z","perms":{"object":"perms","archives_visible":true,"polls_visible":true,"members_visible":true,"chat_visible":true,"calendar_visible":true,"files_visible":true,"database_visible":true,"photos_visible":true,"wiki_visible":true,"member_directory_visible":true,"hashtags_visible":true,"guidelines_visible":true,"subgroups_visible":true,"open_donations_visible":true,"sponsor_visible":true,"manage_subgroups":true,"delete_group":true,"download_archives":true,"download_entire_group":true,"download_members":true,"view_activity":true,"create_hashtags":true,"manage_hashtags":true,"manage_integrations":true,"manage_group_settings":true,"make_moderator":true,"manage_member_subscription_options":true,"manage_pending_members":true,"remove_members":true,"ban_members":true,"manage_group_billing":true,"manage_group_payments":true,"edit_archives":true,"manage_pending_messages":true,"invite_members":true,"can_post":true,"can_vote":true,"manage_polls":true,"manage_photos":true,"manage_members":true,"manage_calendar":true,"manage_chats":true,"view_member_directory":true,"manage_files":true,"manage_wiki":true,"manage_subscription":true,"public_page":true,"sub_page":true,"mod_page":true}},{"id":8286640,"object":"member_info","created":"2020-05-06T13:57:16.762997028-07:00","updated":"2020-06-17T10:31:25.171614048-07:00","user_id":1972246,"group_id":44137,"group_name":"open-projects+ethereum-oasis-pgb","status":"sub_status_normal","post_status":"sub_poststatus_normal","email_delivery":"email_delivery_single","message_selection":"message_selection_all","auto_follow_replies":false,"max_attachment_size":"max_attachment_size_unlimited","approved_posts":0,"mod_status":"sub_modstatus_none","pending_msg_notify":"sub_notify_email_and_app","pending_sub_notify":"sub_notify_email_and_app","sub_notify":"sub_notify_email_and_app","storage_notify":"sub_notify_email_and_app","sub_group_notify":"sub_notify_email_and_app","message_report_notify":"sub_notify_email_and_app","mod_permissions":"","owner_msg_notify":"sub_ownermsg_notify_subs","chat_notify":"sub_notify_email_and_app","photo_notify":"sub_notify_email_and_app","file_notify":"sub_notify_email_and_app","wiki_notify":"sub_notify_email_and_app","database_notify":"sub_notify_email_and_app","email":"jharnad@oasis-open.org","user_status":"user_status_confirmed","user_name":"","timezone":"America/New_York","full_name":"Jane Harnad","about_me":"","location":"","website":"","profile_privacy":"profile_private","dont_munge_message_id":false,"use_signature":false,"use_signature_email":false,"signature":"","moderator_notes":"","moderator_notes_updated":"1969-12-31T16:00:00-08:00","cover_photo_url":"","icon_url":"","nice_group_name":"","subs_count":0,"most_recent_message":"0001-01-01T00:00:00Z","perms":{"object":"perms","archives_visible":true,"polls_visible":true,"members_visible":true,"chat_visible":true,"calendar_visible":true,"files_visible":true,"database_visible":true,"photos_visible":true,"wiki_visible":true,"member_directory_visible":true,"hashtags_visible":true,"guidelines_visible":true,"subgroups_visible":true,"open_donations_visible":true,"sponsor_visible":true,"manage_subgroups":true,"delete_group":true,"download_archives":true,"download_entire_group":true,"download_members":true,"view_activity":true,"create_hashtags":true,"manage_hashtags":true,"manage_integrations":true,"manage_group_settings":true,"make_moderator":true,"manage_member_subscription_options":true,"manage_pending_members":true,"remove_members":true,"ban_members":true,"manage_group_billing":true,"manage_group_payments":true,"edit_archives":true,"manage_pending_messages":true,"invite_members":true,"can_post":true,"can_vote":true,"manage_polls":true,"manage_photos":true,"manage_members":true,"manage_calendar":true,"manage_chats":true,"view_member_directory":true,"manage_files":true,"manage_wiki":true,"manage_subscription":true,"public_page":true,"sub_page":true,"mod_page":true}},{"id":8875065,"object":"member_info","created":"2020-09-17T16:06:59.212871547-07:00","updated":"2021-06-02T07:20:31.56355442-07:00","user_id":4990232,"group_id":44137,"group_name":"open-projects+ethereum-oasis-pgb","status":"sub_status_normal","post_status":"sub_poststatus_normal","email_delivery":"email_delivery_single","message_selection":"message_selection_all","auto_follow_replies":false,"max_attachment_size":"max_attachment_size_unlimited","approved_posts":0,"mod_status":"sub_modstatus_moderator","pending_msg_notify":"sub_notify_email_and_app","pending_sub_notify":"sub_notify_email_and_app","sub_notify":"sub_notify_email_and_app","storage_notify":"sub_notify_email_and_app","sub_group_notify":"sub_notify_email_and_app","message_report_notify":"sub_notify_email_and_app","mod_permissions":"sub_perm_pendingmsg,sub_perm_pendingmembers,sub_perm_invitemembers,sub_perm_removemembers,sub_perm_banmembers,sub_perm_makemoderator,sub_perm_managehashtags,sub_perm_modsub,sub_perm_integrations,sub_perm_editarchives,sub_perm_viewmembers","owner_msg_notify":"sub_ownermsg_notify_subs","chat_notify":"sub_notify_email_and_app","photo_notify":"sub_notify_email_and_app","file_notify":"sub_notify_email_and_app","wiki_notify":"sub_notify_email_and_app","database_notify":"sub_notify_email_and_app","email":"John.Wolpert@mesh.xyz","user_status":"user_status_confirmed","user_name":"","timezone":"America/Los_Angeles","full_name":"John Wolpert","about_me":"","location":"","website":"","profile_privacy":"profile_private","dont_munge_message_id":false,"use_signature":false,"use_signature_email":false,"signature":"","moderator_notes":"","moderator_notes_updated":"1969-12-31T16:00:00-08:00","cover_photo_url":"","icon_url":"","nice_group_name":"","subs_count":0,"most_recent_message":"0001-01-01T00:00:00Z","perms":{"object":"perms","archives_visible":true,"polls_visible":true,"members_visible":true,"chat_visible":true,"calendar_visible":true,"files_visible":true,"database_visible":true,"photos_visible":true,"wiki_visible":true,"member_directory_visible":true,"hashtags_visible":true,"guidelines_visible":true,"subgroups_visible":true,"open_donations_visible":true,"sponsor_visible":true,"manage_subgroups":true,"delete_group":true,"download_archives":true,"download_entire_group":true,"download_members":true,"view_activity":true,"create_hashtags":true,"manage_hashtags":true,"manage_integrations":true,"manage_group_settings":true,"make_moderator":true,"manage_member_subscription_options":true,"manage_pending_members":true,"remove_members":true,"ban_members":true,"manage_group_billing":true,"manage_group_payments":true,"edit_archives":true,"manage_pending_messages":true,"invite_members":true,"can_post":true,"can_vote":true,"manage_polls":true,"manage_photos":true,"manage_members":true,"manage_calendar":true,"manage_chats":true,"view_member_directory":true,"manage_files":true,"manage_wiki":true,"manage_subscription":true,"public_page":true,"sub_page":true,"mod_page":true}},{"id":4568120,"object":"member_info","created":"2019-10-22T07:16:59.789062392-07:00","updated":"2020-02-13T12:24:23.103286422-08:00","user_id":1868031,"group_id":44137,"group_name":"open-projects+ethereum-oasis-pgb","status":"sub_status_normal","post_status":"sub_poststatus_normal","email_delivery":"email_delivery_single","message_selection":"message_selection_all","auto_follow_replies":false,"max_attachment_size":"max_attachment_size_unlimited","approved_posts":0,"mod_status":"sub_modstatus_owner","pending_msg_notify":"sub_notify_email_and_app","pending_sub_notify":"sub_notify_email_and_app","sub_notify":"sub_notify_email_and_app","storage_notify":"sub_notify_email_and_app","sub_group_notify":"sub_notify_email_and_app","message_report_notify":"sub_notify_email_and_app","mod_permissions":"sub_perm_pendingmsg,sub_perm_pendingmembers,sub_perm_invitemembers,sub_perm_removemembers,sub_perm_banmembers,sub_perm_makemoderator,sub_perm_managehashtags,sub_perm_groupsettings,sub_perm_modsub,sub_perm_integrations,sub_perm_editarchives,sub_perm_billing,sub_perm_managesubgroups,sub_perm_viewmembers,sub_perm_managepaidsubscriptions","owner_msg_notify":"sub_ownermsg_notify_subs","chat_notify":"sub_notify_email_and_app","photo_notify":"sub_notify_email_and_app","file_notify":"sub_notify_email_and_app","wiki_notify":"sub_notify_email_and_app","database_notify":"sub_notify_email_and_app","email":"jory.burson@oasis-open.org","user_status":"user_status_confirmed","user_name":"","timezone":"America/New_York","full_name":"Jory Burson","about_me":"","location":"","website":"","profile_privacy":"profile_private","dont_munge_message_id":false,"use_signature":false,"use_signature_email":false,"signature":"","moderator_notes":"","moderator_notes_updated":"1969-12-31T16:00:00-08:00","cover_photo_url":"","icon_url":"","nice_group_name":"","subs_count":0,"most_recent_message":"0001-01-01T00:00:00Z","perms":{"object":"perms","archives_visible":true,"polls_visible":true,"members_visible":true,"chat_visible":true,"calendar_visible":true,"files_visible":true,"database_visible":true,"photos_visible":true,"wiki_visible":true,"member_directory_visible":true,"hashtags_visible":true,"guidelines_visible":true,"subgroups_visible":true,"open_donations_visible":true,"sponsor_visible":true,"manage_subgroups":true,"delete_group":true,"download_archives":true,"download_entire_group":true,"download_members":true,"view_activity":true,"create_hashtags":true,"manage_hashtags":true,"manage_integrations":true,"manage_group_settings":true,"make_moderator":true,"manage_member_subscription_options":true,"manage_pending_members":true,"remove_members":true,"ban_members":true,"manage_group_billing":true,"manage_group_payments":true,"edit_archives":true,"manage_pending_messages":true,"invite_members":true,"can_post":true,"can_vote":true,"manage_polls":true,"manage_photos":true,"manage_members":true,"manage_calendar":true,"manage_chats":true,"view_member_directory":true,"manage_files":true,"manage_wiki":true,"manage_subscription":true,"public_page":true,"sub_page":true,"mod_page":true}},{"id":8762376,"object":"member_info","created":"2020-08-20T13:16:21.121468616-07:00","updated":"2020-08-28T10:36:29.304444052-07:00","user_id":4399136,"group_id":44137,"group_name":"open-projects+ethereum-oasis-pgb","status":"sub_status_normal","post_status":"sub_poststatus_normal","email_delivery":"email_delivery_single","message_selection":"message_selection_all","auto_follow_replies":false,"max_attachment_size":"max_attachment_size_unlimited","approved_posts":0,"mod_status":"sub_modstatus_none","pending_msg_notify":"sub_notify_email_and_app","pending_sub_notify":"sub_notify_email_and_app","sub_notify":"sub_notify_email_and_app","storage_notify":"sub_notify_email_and_app","sub_group_notify":"sub_notify_email_and_app","message_report_notify":"sub_notify_email_and_app","mod_permissions":"","owner_msg_notify":"sub_ownermsg_notify_subs","chat_notify":"sub_notify_email_and_app","photo_notify":"sub_notify_email_and_app","file_notify":"sub_notify_email_and_app","wiki_notify":"sub_notify_email_and_app","database_notify":"sub_notify_email_and_app","email":"kyle@provide.services","user_status":"user_status_confirmed","user_name":"kthomas","timezone":"America/New_York","full_name":"Kyle Thomas","about_me":"","location":"","website":"https://provide.services","profile_privacy":"profile_private","dont_munge_message_id":false,"use_signature":false,"use_signature_email":false,"signature":"","moderator_notes":"","moderator_notes_updated":"1969-12-31T16:00:00-08:00","cover_photo_url":"","icon_url":"","nice_group_name":"","subs_count":0,"most_recent_message":"0001-01-01T00:00:00Z","perms":{"object":"perms","archives_visible":true,"polls_visible":true,"members_visible":true,"chat_visible":true,"calendar_visible":true,"files_visible":true,"database_visible":true,"photos_visible":true,"wiki_visible":true,"member_directory_visible":true,"hashtags_visible":true,"guidelines_visible":true,"subgroups_visible":true,"open_donations_visible":true,"sponsor_visible":true,"manage_subgroups":true,"delete_group":true,"download_archives":true,"download_entire_group":true,"download_members":true,"view_activity":true,"create_hashtags":true,"manage_hashtags":true,"manage_integrations":true,"manage_group_settings":true,"make_moderator":true,"manage_member_subscription_options":true,"manage_pending_members":true,"remove_members":true,"ban_members":true,"manage_group_billing":true,"manage_group_payments":true,"edit_archives":true,"manage_pending_messages":true,"invite_members":true,"can_post":true,"can_vote":true,"manage_polls":true,"manage_photos":true,"manage_members":true,"manage_calendar":true,"manage_chats":true,"view_member_directory":true,"manage_files":true,"manage_wiki":true,"manage_subscription":true,"public_page":true,"sub_page":true,"mod_page":true}},{"id":8791383,"object":"member_info","created":"2020-08-28T08:41:20.335027093-07:00","updated":"2020-12-02T08:41:36.93464614-08:00","user_id":4568377,"group_id":44137,"group_name":"open-projects+ethereum-oasis-pgb","status":"sub_status_normal","post_status":"sub_poststatus_notallowed","email_delivery":"email_delivery_single","message_selection":"message_selection_all","auto_follow_replies":false,"max_attachment_size":"max_attachment_size_unlimited","approved_posts":0,"mod_status":"sub_modstatus_none","pending_msg_notify":"sub_notify_email_and_app","pending_sub_notify":"sub_notify_email_and_app","sub_notify":"sub_notify_email_and_app","storage_notify":"sub_notify_email_and_app","sub_group_notify":"sub_notify_email_and_app","message_report_notify":"sub_notify_email_and_app","mod_permissions":"","owner_msg_notify":"sub_ownermsg_notify_subs","chat_notify":"sub_notify_email_and_app","photo_notify":"sub_notify_email_and_app","file_notify":"sub_notify_email_and_app","wiki_notify":"sub_notify_email_and_app","database_notify":"sub_notify_email_and_app","email":"michael.w.klein@accenture.com","user_status":"user_status_confirmed","user_name":"","timezone":"America/Los_Angeles","full_name":"Klein, Michael W.","about_me":"","location":"","website":"","profile_privacy":"profile_private","dont_munge_message_id":false,"use_signature":false,"use_signature_email":false,"signature":"","moderator_notes":"","moderator_notes_updated":"1969-12-31T16:00:00-08:00","cover_photo_url":"","icon_url":"","nice_group_name":"","subs_count":0,"most_recent_message":"0001-01-01T00:00:00Z","perms":{"object":"perms","archives_visible":true,"polls_visible":true,"members_visible":true,"chat_visible":true,"calendar_visible":true,"files_visible":true,"database_visible":true,"photos_visible":true,"wiki_visible":true,"member_directory_visible":true,"hashtags_visible":true,"guidelines_visible":true,"subgroups_visible":true,"open_donations_visible":true,"sponsor_visible":true,"manage_subgroups":true,"delete_group":true,"download_archives":true,"download_entire_group":true,"download_members":true,"view_activity":true,"create_hashtags":true,"manage_hashtags":true,"manage_integrations":true,"manage_group_settings":true,"make_moderator":true,"manage_member_subscription_options":true,"manage_pending_members":true,"remove_members":true,"ban_members":true,"manage_group_billing":true,"manage_group_payments":true,"edit_archives":true,"manage_pending_messages":true,"invite_members":true,"can_post":true,"can_vote":true,"manage_polls":true,"manage_photos":true,"manage_members":true,"manage_calendar":true,"manage_chats":true,"view_member_directory":true,"manage_files":true,"manage_wiki":true,"manage_subscription":true,"public_page":true,"sub_page":true,"mod_page":true}},{"id":10343468,"object":"member_info","created":"2021-05-24T19:44:43.39779644-07:00","updated":"2021-05-24T23:57:40.622185418-07:00","user_id":4402711,"group_id":44137,"group_name":"open-projects+ethereum-oasis-pgb","status":"sub_status_normal","post_status":"sub_poststatus_normal","email_delivery":"email_delivery_single","message_selection":"message_selection_all","auto_follow_replies":false,"max_attachment_size":"max_attachment_size_unlimited","approved_posts":0,"mod_status":"sub_modstatus_none","pending_msg_notify":"sub_notify_email_and_app","pending_sub_notify":"sub_notify_email_and_app","sub_notify":"sub_notify_email_and_app","storage_notify":"sub_notify_email_and_app","sub_group_notify":"sub_notify_email_and_app","message_report_notify":"sub_notify_email_and_app","mod_permissions":"","owner_msg_notify":"sub_ownermsg_notify_subs","chat_notify":"sub_notify_email_and_app","photo_notify":"sub_notify_email_and_app","file_notify":"sub_notify_email_and_app","wiki_notify":"sub_notify_email_and_app","database_notify":"sub_notify_email_and_app","email":"noam@morpheus.network","user_status":"user_status_confirmed","user_name":"noameppel","timezone":"America/Los_Angeles","full_name":"Noam Eppel","about_me":"","location":"Canada","website":"https://morpheus.network","profile_photo_url":"https://s3-us-west-1.amazonaws.com/groupsiotestprofilephotos/profilephoto.4402711?AWSAccessKeyId=AKIAJECNKOVMCCU3ATNQ\u0026Expires=1625075507\u0026Signature=jmu%2BVhUeNHCvh7xl4bYslT2EJcg%3D","profile_privacy":"profile_members","dont_munge_message_id":false,"use_signature":false,"use_signature_email":false,"signature":"","moderator_notes":"","moderator_notes_updated":"1969-12-31T16:00:00-08:00","cover_photo_url":"","icon_url":"","nice_group_name":"","subs_count":0,"most_recent_message":"0001-01-01T00:00:00Z","perms":{"object":"perms","archives_visible":true,"polls_visible":true,"members_visible":true,"chat_visible":true,"calendar_visible":true,"files_visible":true,"database_visible":true,"photos_visible":true,"wiki_visible":true,"member_directory_visible":true,"hashtags_visible":true,"guidelines_visible":true,"subgroups_visible":true,"open_donations_visible":true,"sponsor_visible":true,"manage_subgroups":true,"delete_group":true,"download_archives":true,"download_entire_group":true,"download_members":true,"view_activity":true,"create_hashtags":true,"manage_hashtags":true,"manage_integrations":true,"manage_group_settings":true,"make_moderator":true,"manage_member_subscription_options":true,"manage_pending_members":true,"remove_members":true,"ban_members":true,"manage_group_billing":true,"manage_group_payments":true,"edit_archives":true,"manage_pending_messages":true,"invite_members":true,"can_post":true,"can_vote":true,"manage_polls":true,"manage_photos":true,"manage_members":true,"manage_calendar":true,"manage_chats":true,"view_member_directory":true,"manage_files":true,"manage_wiki":true,"manage_subscription":true,"public_page":true,"sub_page":true,"mod_page":true}},{"id":8563698,"object":"member_info","created":"2020-06-30T05:38:30.363513495-07:00","updated":"2020-07-07T16:53:46.988503641-07:00","user_id":4401453,"group_id":44137,"group_name":"open-projects+ethereum-oasis-pgb","status":"sub_status_normal","post_status":"sub_poststatus_normal","email_delivery":"email_delivery_single","message_selection":"message_selection_all","auto_follow_replies":false,"max_attachment_size":"max_attachment_size_unlimited","approved_posts":0,"mod_status":"sub_modstatus_none","pending_msg_notify":"sub_notify_email_and_app","pending_sub_notify":"sub_notify_email_and_app","sub_notify":"sub_notify_email_and_app","storage_notify":"sub_notify_email_and_app","sub_group_notify":"sub_notify_email_and_app","message_report_notify":"sub_notify_email_and_app","mod_permissions":"","owner_msg_notify":"sub_ownermsg_notify_subs","chat_notify":"sub_notify_email_and_app","photo_notify":"sub_notify_email_and_app","file_notify":"sub_notify_email_and_app","wiki_notify":"sub_notify_email_and_app","database_notify":"sub_notify_email_and_app","email":"stefan@unibright.io","user_status":"user_status_confirmed","user_name":"","timezone":"America/Los_Angeles","full_name":"Stefan Schmidt","about_me":"","location":"","website":"","profile_privacy":"profile_private","dont_munge_message_id":false,"use_signature":false,"use_signature_email":false,"signature":"","moderator_notes":"","moderator_notes_updated":"1969-12-31T16:00:00-08:00","cover_photo_url":"","icon_url":"","nice_group_name":"","subs_count":0,"most_recent_message":"0001-01-01T00:00:00Z","perms":{"object":"perms","archives_visible":true,"polls_visible":true,"members_visible":true,"chat_visible":true,"calendar_visible":true,"files_visible":true,"database_visible":true,"photos_visible":true,"wiki_visible":true,"member_directory_visible":true,"hashtags_visible":true,"guidelines_visible":true,"subgroups_visible":true,"open_donations_visible":true,"sponsor_visible":true,"manage_subgroups":true,"delete_group":true,"download_archives":true,"download_entire_group":true,"download_members":true,"view_activity":true,"create_hashtags":true,"manage_hashtags":true,"manage_integrations":true,"manage_group_settings":true,"make_moderator":true,"manage_member_subscription_options":true,"manage_pending_members":true,"remove_members":true,"ban_members":true,"manage_group_billing":true,"manage_group_payments":true,"edit_archives":true,"manage_pending_messages":true,"invite_members":true,"can_post":true,"can_vote":true,"manage_polls":true,"manage_photos":true,"manage_members":true,"manage_calendar":true,"manage_chats":true,"view_member_directory":true,"manage_files":true,"manage_wiki":true,"manage_subscription":true,"public_page":true,"sub_page":true,"mod_page":true}},{"id":7800960,"object":"member_info","created":"2020-02-11T15:32:03.245516717-08:00","updated":"2020-02-12T07:57:32.928071537-08:00","user_id":4325101,"group_id":44137,"group_name":"open-projects+ethereum-oasis-pgb","status":"sub_status_normal","post_status":"sub_poststatus_normal","email_delivery":"email_delivery_single","message_selection":"message_selection_all","auto_follow_replies":false,"max_attachment_size":"max_attachment_size_unlimited","approved_posts":0,"mod_status":"sub_modstatus_moderator","pending_msg_notify":"sub_notify_email_and_app","pending_sub_notify":"sub_notify_email_and_app","sub_notify":"sub_notify_email_and_app","storage_notify":"sub_notify_email_and_app","sub_group_notify":"sub_notify_email_and_app","message_report_notify":"sub_notify_email_and_app","mod_permissions":"sub_perm_pendingmsg,sub_perm_invitemembers,sub_perm_managehashtags,sub_perm_integrations,sub_perm_viewmembers","owner_msg_notify":"sub_ownermsg_notify_subs","chat_notify":"sub_notify_email_and_app","photo_notify":"sub_notify_email_and_app","file_notify":"sub_notify_email_and_app","wiki_notify":"sub_notify_email_and_app","database_notify":"sub_notify_email_and_app","email":"tas.dienes@ethereum.org","user_status":"user_status_confirmed","user_name":"","timezone":"America/Los_Angeles","full_name":"Tas Dienes","about_me":"","location":"","website":"","profile_privacy":"profile_private","dont_munge_message_id":false,"use_signature":false,"use_signature_email":false,"signature":"","moderator_notes":"","moderator_notes_updated":"1969-12-31T16:00:00-08:00","cover_photo_url":"","icon_url":"","nice_group_name":"","subs_count":0,"most_recent_message":"0001-01-01T00:00:00Z","perms":{"object":"perms","archives_visible":true,"polls_visible":true,"members_visible":true,"chat_visible":true,"calendar_visible":true,"files_visible":true,"database_visible":true,"photos_visible":true,"wiki_visible":true,"member_directory_visible":true,"hashtags_visible":true,"guidelines_visible":true,"subgroups_visible":true,"open_donations_visible":true,"sponsor_visible":true,"manage_subgroups":true,"delete_group":true,"download_archives":true,"download_entire_group":true,"download_members":true,"view_activity":true,"create_hashtags":true,"manage_hashtags":true,"manage_integrations":true,"manage_group_settings":true,"make_moderator":true,"manage_member_subscription_options":true,"manage_pending_members":true,"remove_members":true,"ban_members":true,"manage_group_billing":true,"manage_group_payments":true,"edit_archives":true,"manage_pending_messages":true,"invite_members":true,"can_post":true,"can_vote":true,"manage_polls":true,"manage_photos":true,"manage_members":true,"manage_calendar":true,"manage_chats":true,"view_member_directory":true,"manage_files":true,"manage_wiki":true,"manage_subscription":true,"public_page":true,"sub_page":true,"mod_page":true}},{"id":8824455,"object":"member_info","created":"2020-09-04T09:33:32.984769285-07:00","updated":"2020-12-02T08:33:51.819380332-08:00","user_id":1870703,"group_id":44137,"group_name":"open-projects+ethereum-oasis-pgb","status":"sub_status_normal","post_status":"sub_poststatus_normal","email_delivery":"email_delivery_single","message_selection":"message_selection_all","auto_follow_replies":false,"max_attachment_size":"max_attachment_size_unlimited","approved_posts":0,"mod_status":"sub_modstatus_none","pending_msg_notify":"sub_notify_email_and_app","pending_sub_notify":"sub_notify_email_and_app","sub_notify":"sub_notify_email_and_app","storage_notify":"sub_notify_email_and_app","sub_group_notify":"sub_notify_email_and_app","message_report_notify":"sub_notify_email_and_app","mod_permissions":"","owner_msg_notify":"sub_ownermsg_notify_subs","chat_notify":"sub_notify_email_and_app","photo_notify":"sub_notify_email_and_app","file_notify":"sub_notify_email_and_app","wiki_notify":"sub_notify_email_and_app","database_notify":"sub_notify_email_and_app","email":"tracy.a.kuhrt@accenture.com","user_status":"user_status_confirmed","user_name":"","timezone":"America/Phoenix","full_name":"Kuhrt, Tracy A.","about_me":"","location":"","website":"","profile_privacy":"profile_private","dont_munge_message_id":false,"use_signature":false,"use_signature_email":false,"signature":"","moderator_notes":"","moderator_notes_updated":"1969-12-31T16:00:00-08:00","cover_photo_url":"","icon_url":"","nice_group_name":"","subs_count":0,"most_recent_message":"0001-01-01T00:00:00Z","perms":{"object":"perms","archives_visible":true,"polls_visible":true,"members_visible":true,"chat_visible":true,"calendar_visible":true,"files_visible":true,"database_visible":true,"photos_visible":true,"wiki_visible":true,"member_directory_visible":true,"hashtags_visible":true,"guidelines_visible":true,"subgroups_visible":true,"open_donations_visible":true,"sponsor_visible":true,"manage_subgroups":true,"delete_group":true,"download_archives":true,"download_entire_group":true,"download_members":true,"view_activity":true,"create_hashtags":true,"manage_hashtags":true,"manage_integrations":true,"manage_group_settings":true,"make_moderator":true,"manage_member_subscription_options":true,"manage_pending_members":true,"remove_members":true,"ban_members":true,"manage_group_billing":true,"manage_group_payments":true,"edit_archives":true,"manage_pending_messages":true,"invite_members":true,"can_post":true,"can_vote":true,"manage_polls":true,"manage_photos":true,"manage_members":true,"manage_calendar":true,"manage_chats":true,"view_member_directory":true,"manage_files":true,"manage_wiki":true,"manage_subscription":true,"public_page":true,"sub_page":true,"mod_page":true}}]
