[{"created":"2019-10-21T08:34:25.027756056-07:00","updated":"2020-05-29T09:23:27.68941212-07:00","type":"welcome","name":"Welcome Message","subject":"Welcome to ethereum-oasis-pgb@lists.oasis-open-projects.org","message":"\u003cp\u003eHello,\u003c/p\u003e\r\n\u003cp\u003eWelcome to the Ethereum OASIS Project Governing Board (PBG) mailing list ethereum-oasis-pbg@lists.oasis-open-projects.org. Please take a moment to review this message.\u003c/p\u003e\r\n\u003cp\u003eThis group is used by the members of the Ethereum OASIS Open Project Governing Board (PGB). The PGB members are the representatives of project Sponsors who have also signed the Entity Contributor License Agreement (ECLA). Non-PGB members are welcome to subscribe in read-only mode, to observe but not participate. For information on how to become a Sponsor and PGB member, contact Carol Geyer at carol.geyer@oasis-open.org.\u0026nbsp;\u003c/p\u003e\r\n\u003cp\u003eYou can visit your group, start reading messages and posting them at https://lists.oasis-open-projects.org/g/ethereum-oasis-pgb\u003c/p\u003e\r\n\u003cp\u003eThe email address for this group is ethereum-oasis-pgb@lists.oasis-open-projects.org. Because our system allows for participants to post via web or email, you can use this email to post new topics.\u003c/p\u003e\r\n\u003cp\u003eYou can set your subscription settings at https://lists.oasis-open-projects.org/g/ethereum-oasis-pgb/editsub. You can opt to receive: all messages in individual emails, collections of messages in a digest, a daily summary, or only special notices. We recommend you receive individual messages in order to receive meeting alerts and updates. If you do not wish to belong to this group, you may unsubscribe by sending an email to: ethereum-oasis-pgb+unsubscribe@lists.oasis-open-projects.org\u003c/p\u003e\r\n\u003cp\u003eBut most importantly, please add this email address to your safe sender list in your email client\u0026rsquo;s contacts.\u003c/p\u003e\r\n\u003cp\u003eRegards,\u003c/p\u003e\r\n\u003cp\u003eop-admin@lists.oasis-open-projects.org\u003c/p\u003e","format":"html","is_default":true,"send_monthly":false,"send_monthly_special":false,"send_on_join":false,"private":false,"email_subject":""},{"created":"2020-02-13T12:25:35.112778718-08:00","updated":"2020-02-13T12:25:35.112778718-08:00","type":"rejected","name":"Rejected Message","subject":"Your message was not approved","message":"\u003cdiv\u003eThank you for your interest in the activities of the Ethereum OASIS Project Governing Board. Everyone is welcome to follow the conversation but, by OASIS policy, only the official representatives to the PGB can post messages to the list.\u0026nbsp;\u003c/div\u003e\r\n\u003cdiv\u003e\u0026nbsp;\u003c/div\u003e\r\n\u003cdiv\u003eFor more information, including the name of your PGB representative if any and information on how to become a project Sponsor and PGB member, please contact op-admin@lists.oasis-open-projects.org.\u003c/div\u003e","format":"html","is_default":true,"send_monthly":false,"send_monthly_special":false,"send_on_join":false,"private":false,"email_subject":""},{"created":"2021-06-30T10:43:57.473285758-07:00","updated":"2021-06-30T10:43:57.473285758-07:00","type":"","name":"Locked Group","subject":"The ethereum-oasis-pgb group has moved","message":"\u003cdiv\u003eHello,\u0026nbsp;\u003c/div\u003e\r\n\u003cdiv\u003e\u0026nbsp;\u003c/div\u003e\r\n\u003cdiv\u003eThis group was used by members of the Ethereum OASIS Project Governing Board. As of June 29, 2021, the Open Project has become \u003ca href=\"https://entethalliance.org/EEACommunityProjects\" target=\"_blank\" rel=\"noopener\"\u003eEEA Community Projects\u003c/a\u003e: an OASIS Managed Open Project. As part of this transformation, this group is closed. \u003ca href=\"https://lists.oasis-open-projects.org/g/ethereum-oasis-pgb/topics\" target=\"_blank\" rel=\"noopener\"\u003eIts archives remain publicly visible\u003c/a\u003e.\u003c/div\u003e\r\n\u003cdiv\u003e\u0026nbsp;\u003c/div\u003e\r\n\u003cdiv\u003eTo follow the work of EEA Community Projects PGB, subscribe to \u003ca href=\"https://lists.oasis-open-projects.org/g/eea-community-projects-pgb\" target=\"_blank\" rel=\"noopener\"\u003eEEA Community Projects PGB group\u003c/a\u003e. All are welcome to follow the conversation, but only PGB members can post.\u003c/div\u003e\r\n\u003cdiv\u003e\u0026nbsp;\u003c/div\u003e","format":"html","is_default":true,"send_monthly":false,"send_monthly_special":false,"send_on_join":false,"private":false,"email_subject":""}]
