[{"id":248216,"object":"past_member","created":"2019-11-09T04:46:48.175950665-08:00","action":"left","member_info":{"id":5813167,"object":"member_info","created":"2019-11-09T04:27:45.108359411-08:00","updated":"2019-11-09T04:27:45.108359411-08:00","user_id":1998813,"group_id":44137,"group_name":"open-projects+eth-pgb","status":"sub_status_pending","post_status":"sub_poststatus_newusermoderated","email_delivery":"email_delivery_single","message_selection":"message_selection_all","auto_follow_replies":false,"max_attachment_size":"max_attachment_size_unlimited","approved_posts":0,"mod_status":"sub_modstatus_none","pending_msg_notify":"sub_notify_email_and_app","pending_sub_notify":"sub_notify_email_and_app","sub_notify":"sub_notify_email_and_app","storage_notify":"sub_notify_email_and_app","sub_group_notify":"sub_notify_email_and_app","message_report_notify":"sub_notify_email_and_app","mod_permissions":"","owner_msg_notify":"sub_ownermsg_notify_subs","chat_notify":"sub_notify_email_and_app","photo_notify":"sub_notify_email_and_app","file_notify":"sub_notify_email_and_app","wiki_notify":"sub_notify_email_and_app","database_notify":"sub_notify_email_and_app","email":"vshanks@cydarm.com","user_status":"user_status_confirmed","user_name":"","timezone":"","full_name":"","about_me":"","location":"","website":"","profile_privacy":"profile_private","dont_munge_message_id":false,"use_signature":false,"use_signature_email":false,"signature":"","cover_photo_url":"","icon_url":"","nice_group_name":"","subs_count":0,"most_recent_message":"0001-01-01T00:00:00Z"}},{"id":481298,"object":"past_member","created":"2020-03-05T19:22:13.272984679-08:00","action":"rejected_member","member_info":{"id":7942939,"object":"member_info","created":"2020-03-05T16:20:55.535080592-08:00","updated":"2020-03-05T16:20:55.535080592-08:00","user_id":4405778,"group_id":44137,"group_name":"open-projects+ethereum-oasis-pgb","status":"sub_status_pending","post_status":"sub_poststatus_normal","email_delivery":"email_delivery_single","message_selection":"message_selection_all","auto_follow_replies":false,"max_attachment_size":"max_attachment_size_unlimited","approved_posts":0,"mod_status":"sub_modstatus_none","pending_msg_notify":"sub_notify_email_and_app","pending_sub_notify":"sub_notify_email_and_app","sub_notify":"sub_notify_email_and_app","storage_notify":"sub_notify_email_and_app","sub_group_notify":"sub_notify_email_and_app","message_report_notify":"sub_notify_email_and_app","mod_permissions":"","owner_msg_notify":"sub_ownermsg_notify_subs","chat_notify":"sub_notify_email_and_app","photo_notify":"sub_notify_email_and_app","file_notify":"sub_notify_email_and_app","wiki_notify":"sub_notify_email_and_app","database_notify":"sub_notify_email_and_app","email":"sayadzad@gmail.com","user_status":"user_status_confirmed","user_name":"","timezone":"","full_name":"","about_me":"","location":"","website":"","profile_privacy":"profile_members","dont_munge_message_id":false,"use_signature":false,"use_signature_email":false,"signature":"","cover_photo_url":"","icon_url":"","nice_group_name":"","subs_count":0,"most_recent_message":"0001-01-01T00:00:00Z"}},{"id":686539,"object":"past_member","created":"2020-08-05T02:16:30.195013553-07:00","action":"removed_member","member_info":{"id":8657492,"object":"member_info","created":"2020-07-21T14:12:56.71435524-07:00","updated":"2020-07-21T14:12:56.71435524-07:00","user_id":957551,"group_id":44137,"group_name":"open-projects+ethereum-oasis-pgb","status":"sub_status_pending","post_status":"sub_poststatus_normal","email_delivery":"email_delivery_single","message_selection":"message_selection_all","auto_follow_replies":false,"max_attachment_size":"max_attachment_size_unlimited","approved_posts":0,"mod_status":"sub_modstatus_none","pending_msg_notify":"sub_notify_email_and_app","pending_sub_notify":"sub_notify_email_and_app","sub_notify":"sub_notify_email_and_app","storage_notify":"sub_notify_email_and_app","sub_group_notify":"sub_notify_email_and_app","message_report_notify":"sub_notify_email_and_app","mod_permissions":"","owner_msg_notify":"sub_ownermsg_notify_subs","chat_notify":"sub_notify_email_and_app","photo_notify":"sub_notify_email_and_app","file_notify":"sub_notify_email_and_app","wiki_notify":"sub_notify_email_and_app","database_notify":"sub_notify_email_and_app","email":"katie@blockdaemon.com","user_status":"user_status_confirmed","user_name":"","timezone":"","full_name":"Katie DiMento","about_me":"","location":"","website":"","profile_privacy":"profile_private","dont_munge_message_id":false,"use_signature":false,"use_signature_email":false,"signature":"","cover_photo_url":"","icon_url":"","nice_group_name":"","subs_count":0,"most_recent_message":"0001-01-01T00:00:00Z"}},{"id":845042,"object":"past_member","created":"2020-12-02T08:42:35.48600218-08:00","action":"removed_member","member_info":{"id":7800670,"object":"member_info","created":"2020-02-11T14:38:29.591074988-08:00","updated":"2020-02-11T15:13:51.248822913-08:00","user_id":4324945,"group_id":44137,"group_name":"open-projects+ethereum-oasis-pgb","status":"sub_status_normal","post_status":"sub_poststatus_normal","email_delivery":"email_delivery_single","message_selection":"message_selection_all","auto_follow_replies":false,"max_attachment_size":"max_attachment_size_unlimited","approved_posts":0,"mod_status":"sub_modstatus_moderator","pending_msg_notify":"sub_notify_email_and_app","pending_sub_notify":"sub_notify_email_and_app","sub_notify":"sub_notify_email_and_app","storage_notify":"sub_notify_email_and_app","sub_group_notify":"sub_notify_email_and_app","message_report_notify":"sub_notify_email_and_app","mod_permissions":"sub_perm_pendingmsg,sub_perm_managehashtags,sub_perm_integrations,sub_perm_viewmembers","owner_msg_notify":"sub_ownermsg_notify_subs","chat_notify":"sub_notify_email_and_app","photo_notify":"sub_notify_email_and_app","file_notify":"sub_notify_email_and_app","wiki_notify":"sub_notify_email_and_app","database_notify":"sub_notify_email_and_app","email":"Chaals@entethalliance.org","user_status":"user_status_confirmed","user_name":"","timezone":"America/Los_Angeles","full_name":"Chaals Nevile","about_me":"","location":"","website":"","profile_privacy":"profile_private","dont_munge_message_id":false,"use_signature":false,"use_signature_email":false,"signature":"","cover_photo_url":"","icon_url":"","nice_group_name":"","subs_count":0,"most_recent_message":"0001-01-01T00:00:00Z"}},{"id":845045,"object":"past_member","created":"2020-12-02T08:42:55.692471507-08:00","action":"removed_member","member_info":{"id":8734140,"object":"member_info","created":"2020-08-12T08:25:44.558657304-07:00","updated":"2020-08-14T12:53:48.289508539-07:00","user_id":4396328,"group_id":44137,"group_name":"open-projects+ethereum-oasis-pgb","status":"sub_status_normal","post_status":"sub_poststatus_normal","email_delivery":"email_delivery_single","message_selection":"message_selection_all","auto_follow_replies":false,"max_attachment_size":"max_attachment_size_unlimited","approved_posts":0,"mod_status":"sub_modstatus_none","pending_msg_notify":"sub_notify_email_and_app","pending_sub_notify":"sub_notify_email_and_app","sub_notify":"sub_notify_email_and_app","storage_notify":"sub_notify_email_and_app","sub_group_notify":"sub_notify_email_and_app","message_report_notify":"sub_notify_email_and_app","mod_permissions":"","owner_msg_notify":"sub_ownermsg_notify_subs","chat_notify":"sub_notify_email_and_app","photo_notify":"sub_notify_email_and_app","file_notify":"sub_notify_email_and_app","wiki_notify":"sub_notify_email_and_app","database_notify":"sub_notify_email_and_app","email":"john.wolpert@consensys.net","user_status":"user_status_confirmed","user_name":"","timezone":"America/Los_Angeles","full_name":"John Wolpert","about_me":"","location":"","website":"","profile_privacy":"profile_private","dont_munge_message_id":false,"use_signature":false,"use_signature_email":false,"signature":"","cover_photo_url":"","icon_url":"","nice_group_name":"","subs_count":0,"most_recent_message":"0001-01-01T00:00:00Z"}},{"id":958602,"object":"past_member","created":"2021-02-02T14:15:42.787559836-08:00","action":"removed_member","member_info":{"id":8651237,"object":"member_info","created":"2020-07-20T03:24:56.82971562-07:00","updated":"2020-08-27T05:21:01.818609256-07:00","user_id":4830410,"group_id":44137,"group_name":"open-projects+ethereum-oasis-pgb","status":"sub_status_normal","post_status":"sub_poststatus_normal","email_delivery":"email_delivery_single","message_selection":"message_selection_all","auto_follow_replies":false,"max_attachment_size":"max_attachment_size_unlimited","approved_posts":0,"mod_status":"sub_modstatus_none","pending_msg_notify":"sub_notify_email_and_app","pending_sub_notify":"sub_notify_email_and_app","sub_notify":"sub_notify_email_and_app","storage_notify":"sub_notify_email_and_app","sub_group_notify":"sub_notify_email_and_app","message_report_notify":"sub_notify_email_and_app","mod_permissions":"","owner_msg_notify":"sub_ownermsg_notify_subs","chat_notify":"sub_notify_email_and_app","photo_notify":"sub_notify_email_and_app","file_notify":"sub_notify_email_and_app","wiki_notify":"sub_notify_email_and_app","database_notify":"sub_notify_email_and_app","email":"gina@nethermind.io","user_status":"user_status_confirmed","user_name":"","timezone":"America/Los_Angeles","full_name":"Gina Rubino","about_me":"","location":"","website":"","profile_privacy":"profile_private","dont_munge_message_id":false,"use_signature":false,"use_signature_email":false,"signature":"","cover_photo_url":"","icon_url":"","nice_group_name":"","subs_count":0,"most_recent_message":"0001-01-01T00:00:00Z"}}]
